child_id,time,amount,note
1,2024-10-01 04:54,120,
1,2024-10-01 15:42,150,
1,2024-10-01 21:36,100,母乳
1,2024-10-01 08:44,120,哺乳瓶
1,2024-10-01 13:56,100,母乳
1,2024-10-01 06:04,100,哺乳瓶
1,2024-10-01 11:45,120,母乳
1,2024-10-01 15:38,150,母乳
1,2024-10-02 00:41,80,哺乳瓶
1,2024-10-02 21:31,100,
1,2024-10-02 00:22,150,母乳
1,2024-10-02 10:09,100,哺乳瓶
1,2024-10-02 06:05,80,哺乳瓶
1,2024-10-02 18:28,120,哺乳瓶
1,2024-10-02 02:16,100,
1,2024-10-02 01:12,150,哺乳瓶
1,2024-10-03 16:16,120,母乳
1,2024-10-03 23:05,120,哺乳瓶
1,2024-10-03 12:18,150,母乳
1,2024-10-03 15:06,120,母乳
1,2024-10-03 21:23,80,母乳
1,2024-10-03 03:42,80,母乳
1,2024-10-04 19:15,120,哺乳瓶
1,2024-10-04 23:30,80,哺乳瓶
1,2024-10-04 06:03,100,哺乳瓶
1,2024-10-04 11:06,150,
1,2024-10-04 01:18,150,母乳
1,2024-10-04 06:28,120,
1,2024-10-05 06:35,80,母乳
1,2024-10-05 05:12,150,哺乳瓶
1,2024-10-05 05:43,100,哺乳瓶
1,2024-10-05 01:42,150,哺乳瓶
1,2024-10-05 07:28,100,母乳
1,2024-10-05 10:58,150,
1,2024-10-05 05:56,80,
1,2024-10-05 19:00,100,哺乳瓶
1,2024-10-06 22:27,100,哺乳瓶
1,2024-10-06 17:22,150,母乳
1,2024-10-06 17:25,80,母乳
1,2024-10-06 19:08,120,母乳
1,2024-10-06 18:38,80,哺乳瓶
1,2024-10-06 19:34,120,母乳
1,2024-10-07 07:06,150,哺乳瓶
1,2024-10-07 08:32,150,
1,2024-10-07 06:08,80,
1,2024-10-07 18:37,150,哺乳瓶
1,2024-10-07 04:33,120,母乳
1,2024-10-07 08:39,80,
1,2024-10-08 21:58,100,哺乳瓶
1,2024-10-08 12:31,150,
1,2024-10-08 14:21,150,哺乳瓶
1,2024-10-08 04:39,100,哺乳瓶
1,2024-10-08 10:34,120,母乳
1,2024-10-08 21:04,120,哺乳瓶
1,2024-10-08 12:39,80,母乳
1,2024-10-09 08:36,80,
1,2024-10-09 21:57,100,哺乳瓶
1,2024-10-09 12:49,120,哺乳瓶
1,2024-10-09 23:34,80,母乳
1,2024-10-09 18:18,120,哺乳瓶
1,2024-10-09 12:15,100,
1,2024-10-09 03:32,150,
1,2024-10-09 19:35,120,母乳
1,2024-10-10 14:26,120,母乳
1,2024-10-10 07:07,80,
1,2024-10-10 07:02,120,哺乳瓶
1,2024-10-10 17:48,100,哺乳瓶
1,2024-10-10 13:58,120,
1,2024-10-10 22:00,80,
1,2024-10-10 15:03,120,母乳
1,2024-10-10 22:20,120,
1,2024-10-11 01:03,120,母乳
1,2024-10-11 15:37,150,
1,2024-10-11 23:06,120,
1,2024-10-11 23:20,100,母乳
1,2024-10-11 15:56,80,哺乳瓶
1,2024-10-12 02:51,150,
1,2024-10-12 21:25,150,哺乳瓶
1,2024-10-12 20:50,80,哺乳瓶
1,2024-10-12 14:35,120,哺乳瓶
1,2024-10-12 10:39,100,
1,2024-10-13 02:10,100,母乳
1,2024-10-13 03:34,120,
1,2024-10-13 11:31,100,哺乳瓶
1,2024-10-13 10:25,150,哺乳瓶
1,2024-10-13 21:41,100,
1,2024-10-14 07:59,80,
1,2024-10-14 05:08,80,哺乳瓶
1,2024-10-14 23:16,80,
1,2024-10-14 11:22,150,哺乳瓶
1,2024-10-14 22:55,100,哺乳瓶
1,2024-10-14 19:07,80,
1,2024-10-14 23:35,120,
1,2024-10-14 04:40,120,
1,2024-10-15 22:02,100,母乳
1,2024-10-15 02:55,120,
1,2024-10-15 14:00,80,哺乳瓶
1,2024-10-15 00:27,120,
1,2024-10-15 14:54,120,哺乳瓶
1,2024-10-16 03:28,100,哺乳瓶
1,2024-10-16 10:43,100,
1,2024-10-16 11:20,100,
1,2024-10-16 02:26,80,母乳
1,2024-10-16 00:53,100,哺乳瓶
1,2024-10-16 02:32,150,哺乳瓶
1,2024-10-16 23:31,80,母乳
1,2024-10-17 18:23,100,哺乳瓶
1,2024-10-17 00:13,150,哺乳瓶
1,2024-10-17 17:01,120,母乳
1,2024-10-17 20:09,120,母乳
1,2024-10-17 08:29,100,哺乳瓶
1,2024-10-17 22:06,120,哺乳瓶
1,2024-10-18 19:20,120,
1,2024-10-18 09:56,80,
1,2024-10-18 03:47,150,
1,2024-10-18 22:22,120,
1,2024-10-18 00:55,100,
1,2024-10-18 08:42,100,哺乳瓶
1,2024-10-18 10:49,80,
1,2024-10-19 03:56,120,
1,2024-10-19 14:30,80,哺乳瓶
1,2024-10-19 21:04,80,
1,2024-10-19 14:58,80,母乳
1,2024-10-19 03:47,100,哺乳瓶
1,2024-10-19 00:15,120,
1,2024-10-19 06:12,150,哺乳瓶
1,2024-10-19 03:47,100,
1,2024-10-20 19:43,80,哺乳瓶
1,2024-10-20 04:39,100,哺乳瓶
1,2024-10-20 19:17,80,母乳
1,2024-10-20 21:08,150,母乳
1,2024-10-20 20:56,120,
1,2024-10-20 06:31,150,哺乳瓶
1,2024-10-21 17:23,150,
1,2024-10-21 13:33,80,哺乳瓶
1,2024-10-21 23:41,100,母乳
1,2024-10-21 03:05,80,哺乳瓶
1,2024-10-21 15:50,150,哺乳瓶
1,2024-10-21 17:15,100,哺乳瓶
1,2024-10-21 15:41,150,
1,2024-10-21 23:54,120,
1,2024-10-22 12:17,80,
1,2024-10-22 07:51,80,哺乳瓶
1,2024-10-22 03:19,150,
1,2024-10-22 10:17,80,哺乳瓶
1,2024-10-22 02:23,80,
1,2024-10-22 07:58,120,母乳
1,2024-10-23 06:42,80,母乳
1,2024-10-23 21:24,120,母乳
1,2024-10-23 14:55,100,
1,2024-10-23 17:04,80,哺乳瓶
1,2024-10-23 21:33,150,
1,2024-10-24 21:24,100,母乳
1,2024-10-24 00:10,80,母乳
1,2024-10-24 21:09,80,
1,2024-10-24 19:01,80,哺乳瓶
1,2024-10-24 20:07,80,哺乳瓶
1,2024-10-24 19:01,100,哺乳瓶
1,2024-10-24 00:12,100,母乳
1,2024-10-24 18:42,120,母乳
1,2024-10-25 14:12,150,哺乳瓶
1,2024-10-25 09:18,120,哺乳瓶
1,2024-10-25 14:14,80,母乳
1,2024-10-25 10:11,120,哺乳瓶
1,2024-10-25 06:46,80,
1,2024-10-25 21:30,150,哺乳瓶
1,2024-10-25 12:39,100,
1,2024-10-25 10:38,120,哺乳瓶
1,2024-10-26 05:25,150,哺乳瓶
1,2024-10-26 12:41,80,哺乳瓶
1,2024-10-26 23:48,150,母乳
1,2024-10-26 17:04,150,母乳
1,2024-10-26 21:56,120,哺乳瓶
1,2024-10-26 03:18,80,哺乳瓶
1,2024-10-26 14:47,120,母乳
1,2024-10-26 22:20,80,母乳
1,2024-10-27 04:50,100,母乳
1,2024-10-27 13:57,120,哺乳瓶
1,2024-10-27 06:21,80,母乳
1,2024-10-27 08:19,120,哺乳瓶
1,2024-10-27 01:44,120,
1,2024-10-28 05:45,100,哺乳瓶
1,2024-10-28 21:09,100,
1,2024-10-28 07:32,120,母乳
1,2024-10-28 17:50,80,母乳
1,2024-10-28 16:06,150,母乳
1,2024-10-28 22:32,80,
1,2024-10-28 19:01,150,
1,2024-10-29 15:20,150,哺乳瓶
1,2024-10-29 13:51,80,哺乳瓶
1,2024-10-29 14:23,100,
1,2024-10-29 08:29,150,母乳
1,2024-10-29 18:16,120,母乳
1,2024-10-29 20:24,120,哺乳瓶
1,2024-10-30 15:35,80,
1,2024-10-30 14:21,100,母乳
1,2024-10-30 08:08,80,哺乳瓶
1,2024-10-30 14:55,100,
1,2024-10-30 19:36,100,母乳
1,2024-10-30 11:44,120,哺乳瓶
1,2024-10-30 02:39,100,哺乳瓶
1,2024-10-31 20:35,120,
1,2024-10-31 18:13,80,
1,2024-10-31 17:54,100,
1,2024-10-31 10:56,80,哺乳瓶
1,2024-10-31 07:47,100,
1,2024-10-31 02:44,150,母乳
1,2024-10-31 10:17,150,母乳
1,2024-11-01 18:07,150,
1,2024-11-01 15:27,150,母乳
1,2024-11-01 05:45,120,哺乳瓶
1,2024-11-01 04:14,80,母乳
1,2024-11-01 21:14,100,哺乳瓶
1,2024-11-01 22:52,100,
1,2024-11-01 10:44,120,哺乳瓶
1,2024-11-02 03:17,120,哺乳瓶
1,2024-11-02 11:34,100,
1,2024-11-02 19:37,120,母乳
1,2024-11-02 16:42,120,母乳
1,2024-11-02 19:08,80,
1,2024-11-02 22:26,100,哺乳瓶
1,2024-11-02 07:39,150,哺乳瓶
1,2024-11-03 01:00,150,母乳
1,2024-11-03 18:13,120,哺乳瓶
1,2024-11-03 12:19,100,
1,2024-11-03 12:48,120,哺乳瓶
1,2024-11-03 04:32,80,哺乳瓶
1,2024-11-04 18:18,150,哺乳瓶
1,2024-11-04 17:25,120,母乳
1,2024-11-04 21:07,150,哺乳瓶
1,2024-11-04 05:43,120,哺乳瓶
1,2024-11-04 04:19,120,哺乳瓶
1,2024-11-04 22:46,100,
1,2024-11-04 17:01,100,母乳
1,2024-11-05 19:45,120,母乳
1,2024-11-05 15:43,150,哺乳瓶
1,2024-11-05 04:53,120,哺乳瓶
1,2024-11-05 01:25,120,哺乳瓶
1,2024-11-05 12:10,100,母乳
1,2024-11-05 20:09,100,
1,2024-11-06 13:02,100,母乳
1,2024-11-06 08:13,150,母乳
1,2024-11-06 11:41,80,
1,2024-11-06 12:51,100,哺乳瓶
1,2024-11-06 07:02,150,
1,2024-11-06 08:27,100,母乳
1,2024-11-06 08:22,150,
1,2024-11-06 08:39,120,母乳
1,2024-11-07 12:19,100,哺乳瓶
1,2024-11-07 07:08,150,母乳
1,2024-11-07 15:34,120,哺乳瓶
1,2024-11-07 04:53,120,母乳
1,2024-11-07 12:14,120,母乳
1,2024-11-08 23:48,100,哺乳瓶
1,2024-11-08 19:22,80,母乳
1,2024-11-08 16:27,100,母乳
1,2024-11-08 20:52,100,母乳
1,2024-11-08 20:10,120,母乳
1,2024-11-09 20:58,80,哺乳瓶
1,2024-11-09 02:47,100,哺乳瓶
1,2024-11-09 11:00,80,
1,2024-11-09 03:24,150,母乳
1,2024-11-09 20:59,120,
1,2024-11-09 21:02,150,
1,2024-11-09 21:29,100,哺乳瓶
1,2024-11-09 18:11,120,哺乳瓶
1,2024-11-10 10:47,100,
1,2024-11-10 04:00,120,
1,2024-11-10 12:02,100,
1,2024-11-10 07:09,150,母乳
1,2024-11-10 19:06,80,母乳
1,2024-11-11 01:09,150,母乳
1,2024-11-11 23:48,80,
1,2024-11-11 09:09,120,母乳
1,2024-11-11 11:36,150,哺乳瓶
1,2024-11-11 22:49,150,哺乳瓶
1,2024-11-12 16:44,120,哺乳瓶
1,2024-11-12 08:56,80,
1,2024-11-12 11:21,80,母乳
1,2024-11-12 08:19,100,
1,2024-11-12 20:38,100,
1,2024-11-12 16:09,80,母乳
1,2024-11-12 09:58,80,哺乳瓶
1,2024-11-13 16:57,100,哺乳瓶
1,2024-11-13 22:01,80,
1,2024-11-13 22:21,80,母乳
1,2024-11-13 18:31,100,
1,2024-11-13 10:59,80,
1,2024-11-13 00:16,100,母乳
1,2024-11-13 06:31,80,哺乳瓶
1,2024-11-14 12:13,150,母乳
1,2024-11-14 02:54,80,哺乳瓶
1,2024-11-14 13:47,80,母乳
1,2024-11-14 08:29,120,哺乳瓶
1,2024-11-14 02:21,80,
1,2024-11-15 20:04,150,哺乳瓶
1,2024-11-15 09:43,150,哺乳瓶
1,2024-11-15 02:35,120,哺乳瓶
1,2024-11-15 15:48,150,母乳
1,2024-11-15 05:18,100,哺乳瓶
1,2024-11-15 06:35,120,
1,2024-11-16 12:37,150,哺乳瓶
1,2024-11-16 06:43,120,哺乳瓶
1,2024-11-16 14:36,80,哺乳瓶
1,2024-11-16 10:38,150,
1,2024-11-16 11:37,100,母乳
1,2024-11-16 15:20,120,母乳
1,2024-11-16 03:24,150,
1,2024-11-17 02:59,150,
1,2024-11-17 20:49,120,
1,2024-11-17 00:59,120,母乳
1,2024-11-17 03:33,150,哺乳瓶
1,2024-11-17 21:08,80,
1,2024-11-17 19:58,100,母乳
1,2024-11-17 16:25,120,哺乳瓶
1,2024-11-17 08:16,100,母乳
1,2024-11-18 18:25,80,母乳
1,2024-11-18 05:41,80,哺乳瓶
1,2024-11-18 22:44,80,母乳
1,2024-11-18 20:41,80,母乳
1,2024-11-18 07:49,120,哺乳瓶
1,2024-11-19 14:18,80,
1,2024-11-19 08:27,150,哺乳瓶
1,2024-11-19 10:06,120,
1,2024-11-19 15:53,100,母乳
1,2024-11-19 07:14,100,母乳
1,2024-11-19 17:15,100,母乳
1,2024-11-20 05:07,80,
1,2024-11-20 17:01,150,哺乳瓶
1,2024-11-20 16:38,150,母乳
1,2024-11-20 00:34,150,
1,2024-11-20 10:46,120,
1,2024-11-20 07:20,120,
1,2024-11-21 06:34,80,母乳
1,2024-11-21 19:59,120,
1,2024-11-21 23:26,80,哺乳瓶
1,2024-11-21 17:10,100,
1,2024-11-21 01:50,100,母乳
1,2024-11-21 09:08,120,母乳
1,2024-11-22 05:39,150,哺乳瓶
1,2024-11-22 07:28,150,
1,2024-11-22 10:16,80,母乳
1,2024-11-22 22:51,80,哺乳瓶
1,2024-11-22 04:36,100,
1,2024-11-22 13:47,120,母乳
1,2024-11-22 09:48,80,母乳
1,2024-11-23 16:37,100,哺乳瓶
1,2024-11-23 19:40,100,
1,2024-11-23 20:02,80,母乳
1,2024-11-23 04:58,80,母乳
1,2024-11-23 23:41,120,
1,2024-11-23 07:22,150,母乳
1,2024-11-23 21:44,80,
1,2024-11-24 22:30,120,母乳
1,2024-11-24 15:44,120,哺乳瓶
1,2024-11-24 17:06,120,哺乳瓶
1,2024-11-24 04:21,80,哺乳瓶
1,2024-11-24 15:28,120,哺乳瓶
1,2024-11-24 01:37,150,母乳
1,2024-11-25 09:21,120,
1,2024-11-25 13:20,150,哺乳瓶
1,2024-11-25 00:29,120,
1,2024-11-25 08:30,150,母乳
1,2024-11-25 15:44,100,
1,2024-11-26 06:33,150,哺乳瓶
1,2024-11-26 16:18,80,母乳
1,2024-11-26 05:49,80,母乳
1,2024-11-26 22:11,120,哺乳瓶
1,2024-11-26 11:00,100,
1,2024-11-26 02:24,100,哺乳瓶
1,2024-11-27 14:11,80,
1,2024-11-27 01:34,150,哺乳瓶
1,2024-11-27 10:10,120,哺乳瓶
1,2024-11-27 04:17,120,哺乳瓶
1,2024-11-27 02:25,120,哺乳瓶
1,2024-11-28 20:23,150,哺乳瓶
1,2024-11-28 11:34,100,哺乳瓶
1,2024-11-28 23:31,100,哺乳瓶
1,2024-11-28 19:53,120,母乳
1,2024-11-28 03:13,150,哺乳瓶
1,2024-11-29 02:34,100,
1,2024-11-29 07:57,100,母乳
1,2024-11-29 15:51,120,
1,2024-11-29 13:39,80,
1,2024-11-29 10:24,150,哺乳瓶
1,2024-11-29 00:33,80,哺乳瓶
1,2024-11-29 02:51,100,哺乳瓶
1,2024-11-29 15:36,150,母乳
1,2024-11-30 00:09,100,母乳
1,2024-11-30 06:09,80,哺乳瓶
1,2024-11-30 21:07,120,
1,2024-11-30 17:27,100,母乳
1,2024-11-30 00:55,100,母乳
1,2024-11-30 03:02,120,
1,2024-12-01 22:37,80,
1,2024-12-01 09:50,100,哺乳瓶
1,2024-12-01 19:44,120,母乳
1,2024-12-01 11:46,80,母乳
1,2024-12-01 07:40,120,
1,2024-12-01 23:35,100,母乳
1,2024-12-02 09:55,80,母乳
1,2024-12-02 19:42,150,
1,2024-12-02 23:49,80,母乳
1,2024-12-02 17:47,120,
1,2024-12-02 23:44,100,母乳
1,2024-12-02 22:28,120,
1,2024-12-03 06:36,80,
1,2024-12-03 21:11,150,母乳
1,2024-12-03 19:45,150,母乳
1,2024-12-03 03:15,150,
1,2024-12-03 22:44,80,
1,2024-12-03 01:03,120,哺乳瓶
1,2024-12-03 05:58,120,哺乳瓶
1,2024-12-03 06:22,150,母乳
1,2024-12-04 02:30,150,母乳
1,2024-12-04 18:47,120,母乳
1,2024-12-04 02:35,120,哺乳瓶
1,2024-12-04 14:10,150,
1,2024-12-04 18:53,150,
1,2024-12-04 07:02,120,哺乳瓶
1,2024-12-04 18:40,80,哺乳瓶
1,2024-12-04 13:28,80,
1,2024-12-05 21:26,80,母乳
1,2024-12-05 23:37,80,哺乳瓶
1,2024-12-05 06:40,120,哺乳瓶
1,2024-12-05 21:17,100,哺乳瓶
1,2024-12-05 04:53,80,哺乳瓶
1,2024-12-05 12:32,150,母乳
1,2024-12-06 06:22,80,母乳
1,2024-12-06 09:04,80,
1,2024-12-06 04:13,80,
1,2024-12-06 14:47,100,母乳
1,2024-12-06 11:22,120,哺乳瓶
1,2024-12-07 11:27,150,母乳
1,2024-12-07 12:45,80,
1,2024-12-07 03:57,150,母乳
1,2024-12-07 08:51,150,
1,2024-12-07 05:30,80,哺乳瓶
1,2024-12-08 08:52,100,哺乳瓶
1,2024-12-08 23:05,100,母乳
1,2024-12-08 16:20,80,哺乳瓶
1,2024-12-08 03:42,150,
1,2024-12-08 02:38,80,哺乳瓶
1,2024-12-09 08:29,150,
1,2024-12-09 04:37,150,哺乳瓶
1,2024-12-09 11:36,100,
1,2024-12-09 22:49,100,哺乳瓶
1,2024-12-09 21:06,150,哺乳瓶
1,2024-12-10 01:13,120,哺乳瓶
1,2024-12-10 07:59,120,
1,2024-12-10 06:27,120,母乳
1,2024-12-10 19:04,80,母乳
1,2024-12-10 23:04,150,
1,2024-12-11 00:40,100,
1,2024-12-11 00:27,100,
1,2024-12-11 21:21,120,
1,2024-12-11 13:42,120,母乳
1,2024-12-11 10:34,100,哺乳瓶
1,2024-12-11 20:22,100,母乳
1,2024-12-11 07:26,80,母乳
1,2024-12-11 17:45,80,
1,2024-12-12 04:30,150,
1,2024-12-12 11:33,80,母乳
1,2024-12-12 14:49,120,母乳
1,2024-12-12 01:57,120,哺乳瓶
1,2024-12-12 00:34,80,
1,2024-12-12 00:03,150,哺乳瓶
1,2024-12-13 14:32,100,
1,2024-12-13 20:26,100,
1,2024-12-13 22:09,80,母乳
1,2024-12-13 18:28,150,母乳
1,2024-12-13 04:48,100,母乳
1,2024-12-13 06:44,100,哺乳瓶
1,2024-12-13 06:58,120,哺乳瓶
1,2024-12-13 21:15,80,母乳
1,2024-12-14 06:14,80,哺乳瓶
1,2024-12-14 21:11,80,母乳
1,2024-12-14 11:04,100,母乳
1,2024-12-14 10:00,100,哺乳瓶
1,2024-12-14 01:38,80,
1,2024-12-14 14:23,100,哺乳瓶
1,2024-12-14 04:48,100,母乳
1,2024-12-15 10:45,80,哺乳瓶
1,2024-12-15 06:05,100,哺乳瓶
1,2024-12-15 13:49,120,
1,2024-12-15 10:48,80,哺乳瓶
1,2024-12-15 19:55,120,
1,2024-12-15 10:41,150,母乳
1,2024-12-15 19:54,100,
1,2024-12-15 03:16,100,母乳
1,2024-12-16 13:46,150,哺乳瓶
1,2024-12-16 04:44,150,哺乳瓶
1,2024-12-16 01:43,150,
1,2024-12-16 02:13,80,哺乳瓶
1,2024-12-16 05:47,120,
1,2024-12-16 16:39,150,哺乳瓶
1,2024-12-16 11:02,80,哺乳瓶
1,2024-12-16 12:31,80,哺乳瓶
1,2024-12-17 20:44,150,哺乳瓶
1,2024-12-17 10:10,80,
1,2024-12-17 18:56,80,母乳
1,2024-12-17 07:21,80,哺乳瓶
1,2024-12-17 17:53,100,母乳
1,2024-12-17 05:29,100,哺乳瓶
1,2024-12-18 00:37,150,母乳
1,2024-12-18 07:01,80,母乳
1,2024-12-18 10:07,100,母乳
1,2024-12-18 11:58,150,哺乳瓶
1,2024-12-18 23:08,150,母乳
1,2024-12-18 06:08,150,母乳
1,2024-12-18 01:53,100,
1,2024-12-18 07:30,100,
1,2024-12-19 20:19,80,母乳
1,2024-12-19 14:25,120,哺乳瓶
1,2024-12-19 17:32,80,母乳
1,2024-12-19 23:46,120,母乳
1,2024-12-19 13:43,120,哺乳瓶
1,2024-12-19 05:09,100,母乳
1,2024-12-19 00:59,120,哺乳瓶
1,2024-12-19 12:56,100,
1,2024-12-20 04:11,150,母乳
1,2024-12-20 03:19,120,
1,2024-12-20 20:05,150,
1,2024-12-20 03:33,150,哺乳瓶
1,2024-12-20 16:10,120,
1,2024-12-20 18:41,80,母乳
1,2024-12-20 08:11,100,
1,2024-12-20 12:57,80,哺乳瓶
1,2024-12-21 01:43,150,哺乳瓶
1,2024-12-21 02:27,120,哺乳瓶
1,2024-12-21 15:52,120,母乳
1,2024-12-21 17:49,120,
1,2024-12-21 07:01,150,哺乳瓶
1,2024-12-21 19:47,150,母乳
1,2024-12-21 04:14,100,母乳
1,2024-12-22 16:09,80,哺乳瓶
1,2024-12-22 10:53,120,哺乳瓶
1,2024-12-22 20:32,100,哺乳瓶
1,2024-12-22 15:31,100,母乳
1,2024-12-22 18:25,120,母乳
1,2024-12-22 01:43,80,
1,2024-12-22 12:26,150,哺乳瓶
1,2024-12-22 15:15,120,哺乳瓶
1,2024-12-23 22:22,80,
1,2024-12-23 00:41,100,
1,2024-12-23 08:55,100,哺乳瓶
1,2024-12-23 20:21,100,
1,2024-12-23 04:16,100,母乳
1,2024-12-24 22:26,100,
1,2024-12-24 16:59,80,母乳
1,2024-12-24 21:56,100,哺乳瓶
1,2024-12-24 01:27,80,哺乳瓶
1,2024-12-24 00:23,120,哺乳瓶
1,2024-12-25 09:23,100,哺乳瓶
1,2024-12-25 20:35,120,
1,2024-12-25 10:26,150,母乳
1,2024-12-25 23:13,150,哺乳瓶
1,2024-12-25 08:00,100,
1,2024-12-26 02:13,80,
1,2024-12-26 22:07,150,
1,2024-12-26 12:24,150,哺乳瓶
1,2024-12-26 23:28,100,哺乳瓶
1,2024-12-26 07:58,120,
1,2024-12-26 06:35,100,哺乳瓶
1,2024-12-26 11:57,100,哺乳瓶
1,2024-12-27 07:30,120,
1,2024-12-27 04:33,120,母乳
1,2024-12-27 18:06,80,哺乳瓶
1,2024-12-27 03:48,80,母乳
1,2024-12-27 11:51,120,
1,2024-12-27 10:59,120,
1,2024-12-27 07:26,80,母乳
1,2024-12-27 06:13,100,哺乳瓶
1,2024-12-28 06:16,120,
1,2024-12-28 01:05,150,
1,2024-12-28 06:43,100,母乳
1,2024-12-28 07:02,80,母乳
1,2024-12-28 10:22,80,母乳
1,2024-12-28 07:28,120,母乳
1,2024-12-29 11:16,80,母乳
1,2024-12-29 13:37,150,哺乳瓶
1,2024-12-29 14:42,150,
1,2024-12-29 00:31,100,
1,2024-12-29 04:38,150,
1,2024-12-29 13:37,80,
1,2024-12-29 01:43,80,母乳
1,2024-12-30 05:16,80,哺乳瓶
1,2024-12-30 00:56,120,
1,2024-12-30 00:31,80,母乳
1,2024-12-30 10:41,100,母乳
1,2024-12-30 04:32,150,哺乳瓶
1,2024-12-30 03:15,100,母乳
1,2024-12-30 09:35,150,
1,2024-12-30 09:30,120,哺乳瓶
1,2024-12-31 06:52,100,母乳
1,2024-12-31 20:25,100,母乳
1,2024-12-31 12:18,150,哺乳瓶
1,2024-12-31 09:29,150,母乳
1,2024-12-31 21:35,100,母乳
1,2024-12-31 12:18,100,哺乳瓶
1,2024-12-31 14:21,120,哺乳瓶
1,2025-01-01 20:16,100,哺乳瓶
1,2025-01-01 09:36,80,母乳
1,2025-01-01 02:53,80,
1,2025-01-01 23:53,150,哺乳瓶
1,2025-01-01 09:04,150,
1,2025-01-01 07:48,120,哺乳瓶
1,2025-01-02 08:56,100,
1,2025-01-02 03:04,120,哺乳瓶
1,2025-01-02 13:12,120,
1,2025-01-02 10:18,80,母乳
1,2025-01-02 13:19,100,母乳
1,2025-01-02 04:53,150,
1,2025-01-02 20:31,150,
1,2025-01-02 16:08,100,母乳
1,2025-01-03 02:13,100,
1,2025-01-03 00:25,150,母乳
1,2025-01-03 15:58,120,母乳
1,2025-01-03 12:34,80,
1,2025-01-03 08:55,100,哺乳瓶
1,2025-01-04 11:11,150,母乳
1,2025-01-04 14:42,100,
1,2025-01-04 05:10,100,哺乳瓶
1,2025-01-04 16:43,150,母乳
1,2025-01-04 05:19,80,母乳
1,2025-01-04 21:19,80,哺乳瓶
1,2025-01-04 06:06,150,母乳
1,2025-01-05 20:03,80,母乳
1,2025-01-05 21:11,120,哺乳瓶
1,2025-01-05 06:15,100,母乳
1,2025-01-05 19:59,100,
1,2025-01-05 13:09,80,
1,2025-01-05 01:46,150,哺乳瓶
1,2025-01-06 05:40,150,
1,2025-01-06 13:35,100,
1,2025-01-06 09:55,120,哺乳瓶
1,2025-01-06 16:03,80,母乳
1,2025-01-06 03:36,80,哺乳瓶
1,2025-01-06 11:37,150,
1,2025-01-06 20:25,80,
1,2025-01-06 09:43,100,哺乳瓶
1,2025-01-07 23:39,80,哺乳瓶
1,2025-01-07 21:45,80,母乳
1,2025-01-07 02:04,80,母乳
1,2025-01-07 17:27,120,
1,2025-01-07 12:58,100,哺乳瓶
1,2025-01-07 08:25,80,
1,2025-01-07 18:16,120,哺乳瓶
1,2025-01-08 16:53,80,哺乳瓶
1,2025-01-08 22:12,80,
1,2025-01-08 23:41,80,哺乳瓶
1,2025-01-08 00:28,80,哺乳瓶
1,2025-01-08 03:43,150,母乳
1,2025-01-08 04:04,120,母乳
1,2025-01-08 03:57,100,母乳
1,2025-01-09 03:17,120,母乳
1,2025-01-09 05:58,100,
1,2025-01-09 12:52,150,哺乳瓶
1,2025-01-09 19:24,80,哺乳瓶
1,2025-01-09 05:07,100,母乳
1,2025-01-10 22:06,120,哺乳瓶
1,2025-01-10 19:01,120,母乳
1,2025-01-10 04:06,100,
1,2025-01-10 05:13,100,
1,2025-01-10 12:17,80,母乳
1,2025-01-10 15:31,100,哺乳瓶
1,2025-01-10 09:52,150,哺乳瓶
1,2025-01-10 03:21,80,哺乳瓶
1,2025-01-11 11:29,120,哺乳瓶
1,2025-01-11 17:04,120,母乳
1,2025-01-11 07:14,80,
1,2025-01-11 05:48,120,哺乳瓶
1,2025-01-11 10:02,150,哺乳瓶
1,2025-01-11 14:07,120,母乳
1,2025-01-11 01:28,100,母乳
1,2025-01-12 13:12,120,母乳
1,2025-01-12 12:16,150,
1,2025-01-12 06:13,150,
1,2025-01-12 14:37,100,哺乳瓶
1,2025-01-12 17:20,80,哺乳瓶
1,2025-01-13 17:33,80,
1,2025-01-13 06:16,120,母乳
1,2025-01-13 19:00,150,
1,2025-01-13 04:20,80,
1,2025-01-13 02:00,120,母乳
1,2025-01-13 01:54,100,哺乳瓶
1,2025-01-13 04:30,80,哺乳瓶
1,2025-01-14 11:19,150,母乳
1,2025-01-14 22:18,100,
1,2025-01-14 09:08,80,
1,2025-01-14 02:52,150,哺乳瓶
1,2025-01-14 06:46,150,哺乳瓶
1,2025-01-15 18:14,120,
1,2025-01-15 05:55,150,母乳
1,2025-01-15 08:11,100,
1,2025-01-15 07:57,80,母乳
1,2025-01-15 01:14,150,母乳
1,2025-01-16 07:20,120,哺乳瓶
1,2025-01-16 18:24,100,哺乳瓶
1,2025-01-16 20:42,100,母乳
1,2025-01-16 17:21,120,哺乳瓶
1,2025-01-16 05:23,100,哺乳瓶
1,2025-01-16 10:40,80,
1,2025-01-16 18:32,80,母乳
1,2025-01-17 10:55,150,母乳
1,2025-01-17 16:33,100,哺乳瓶
1,2025-01-17 08:48,100,母乳
1,2025-01-17 16:13,120,
1,2025-01-17 03:43,120,
1,2025-01-17 06:09,120,母乳
1,2025-01-18 03:15,100,母乳
1,2025-01-18 00:27,150,
1,2025-01-18 06:24,120,母乳
1,2025-01-18 13:10,100,哺乳瓶
1,2025-01-18 15:39,100,母乳
1,2025-01-18 20:39,100,哺乳瓶
1,2025-01-19 21:06,100,哺乳瓶
1,2025-01-19 16:47,120,哺乳瓶
1,2025-01-19 00:13,150,母乳
1,2025-01-19 18:31,80,
1,2025-01-19 09:33,120,
1,2025-01-19 16:58,80,
1,2025-01-19 08:47,150,
1,2025-01-19 11:14,150,母乳
1,2025-01-20 06:10,120,
1,2025-01-20 17:57,100,
1,2025-01-20 10:41,120,哺乳瓶
1,2025-01-20 11:44,80,哺乳瓶
1,2025-01-20 10:47,80,哺乳瓶
1,2025-01-20 08:41,120,哺乳瓶
1,2025-01-21 18:42,100,
1,2025-01-21 23:34,150,母乳
1,2025-01-21 17:14,80,哺乳瓶
1,2025-01-21 04:43,80,哺乳瓶
1,2025-01-21 01:28,100,
1,2025-01-21 02:38,80,
1,2025-01-21 17:05,100,
1,2025-01-22 19:18,80,
1,2025-01-22 18:55,120,
1,2025-01-22 07:55,150,
1,2025-01-22 19:58,150,哺乳瓶
1,2025-01-22 18:44,150,
1,2025-01-23 22:01,120,
1,2025-01-23 12:57,150,
1,2025-01-23 18:47,100,母乳
1,2025-01-23 22:17,150,母乳
1,2025-01-23 19:13,100,母乳
1,2025-01-24 06:30,120,哺乳瓶
1,2025-01-24 22:49,100,母乳
1,2025-01-24 09:14,80,哺乳瓶
1,2025-01-24 23:28,100,母乳
1,2025-01-24 19:07,80,哺乳瓶
1,2025-01-24 09:53,120,哺乳瓶
1,2025-01-24 13:45,120,母乳
1,2025-01-24 02:50,100,
1,2025-01-25 13:55,150,母乳
1,2025-01-25 09:58,80,母乳
1,2025-01-25 13:21,80,母乳
1,2025-01-25 10:08,80,哺乳瓶
1,2025-01-25 01:43,100,母乳
1,2025-01-26 06:32,150,母乳
1,2025-01-26 10:07,150,母乳
1,2025-01-26 06:50,120,
1,2025-01-26 16:40,100,
1,2025-01-26 02:40,80,
1,2025-01-26 00:02,80,哺乳瓶
1,2025-01-27 03:16,80,哺乳瓶
1,2025-01-27 19:17,80,
1,2025-01-27 06:53,120,哺乳瓶
1,2025-01-27 08:35,150,
1,2025-01-27 20:07,120,哺乳瓶
1,2025-01-28 22:38,120,
1,2025-01-28 00:54,100,
1,2025-01-28 04:49,120,哺乳瓶
1,2025-01-28 02:08,80,母乳
1,2025-01-28 01:33,80,母乳
1,2025-01-28 03:58,100,哺乳瓶
1,2025-01-28 23:04,100,
1,2025-01-29 20:52,100,母乳
1,2025-01-29 09:04,80,哺乳瓶
1,2025-01-29 07:47,120,
1,2025-01-29 18:58,100,母乳
1,2025-01-29 21:15,150,母乳
1,2025-01-29 03:43,120,
1,2025-01-30 06:28,120,哺乳瓶
1,2025-01-30 14:07,100,哺乳瓶
1,2025-01-30 17:18,150,母乳
1,2025-01-30 02:25,80,母乳
1,2025-01-30 12:31,150,哺乳瓶
1,2025-01-30 01:40,80,母乳
1,2025-01-30 06:16,150,
1,2025-01-30 18:09,100,母乳
1,2025-01-31 14:40,150,
1,2025-01-31 12:33,100,哺乳瓶
1,2025-01-31 21:37,150,
1,2025-01-31 18:56,150,母乳
1,2025-01-31 12:01,150,母乳
1,2025-01-31 02:39,120,母乳
1,2025-01-31 06:35,150,母乳
1,2025-02-01 23:49,100,母乳
1,2025-02-01 15:45,150,哺乳瓶
1,2025-02-01 20:13,120,哺乳瓶
1,2025-02-01 01:10,100,哺乳瓶
1,2025-02-01 03:51,120,哺乳瓶
1,2025-02-02 08:34,150,哺乳瓶
1,2025-02-02 20:53,120,哺乳瓶
1,2025-02-02 06:05,150,
1,2025-02-02 03:34,80,哺乳瓶
1,2025-02-02 01:51,100,母乳
1,2025-02-02 01:53,150,
1,2025-02-03 02:14,120,母乳
1,2025-02-03 06:47,100,哺乳瓶
1,2025-02-03 21:34,80,母乳
1,2025-02-03 13:23,150,
1,2025-02-03 23:21,120,母乳
1,2025-02-03 13:51,120,
1,2025-02-04 20:32,80,母乳
1,2025-02-04 20:45,150,
1,2025-02-04 19:44,120,母乳
1,2025-02-04 18:37,100,哺乳瓶
1,2025-02-04 19:38,120,
1,2025-02-04 13:51,80,
1,2025-02-04 15:36,100,
1,2025-02-05 22:20,80,哺乳瓶
1,2025-02-05 05:45,80,母乳
1,2025-02-05 08:47,120,
1,2025-02-05 13:58,150,
1,2025-02-05 12:26,120,
1,2025-02-05 19:23,120,
1,2025-02-06 03:08,150,
1,2025-02-06 09:53,100,母乳
1,2025-02-06 20:06,100,
1,2025-02-06 06:27,150,哺乳瓶
1,2025-02-06 15:05,100,哺乳瓶
1,2025-02-07 07:37,150,哺乳瓶
1,2025-02-07 23:45,120,
1,2025-02-07 07:15,120,
1,2025-02-07 13:46,80,
1,2025-02-07 13:15,120,哺乳瓶
1,2025-02-07 22:04,80,母乳
1,2025-02-07 00:10,120,
1,2025-02-07 19:12,100,母乳
1,2025-02-08 00:38,100,哺乳瓶
1,2025-02-08 19:19,80,哺乳瓶
1,2025-02-08 19:22,80,母乳
1,2025-02-08 20:35,150,哺乳瓶
1,2025-02-08 22:50,80,
1,2025-02-08 04:42,150,哺乳瓶
1,2025-02-08 18:23,80,哺乳瓶
1,2025-02-09 02:32,100,
1,2025-02-09 15:07,80,哺乳瓶
1,2025-02-09 00:00,80,哺乳瓶
1,2025-02-09 21:56,100,
1,2025-02-09 06:10,150,母乳
1,2025-02-09 10:02,80,哺乳瓶
1,2025-02-09 04:13,150,母乳
1,2025-02-10 23:46,120,哺乳瓶
1,2025-02-10 13:47,150,
1,2025-02-10 17:48,120,母乳
1,2025-02-10 02:53,80,
1,2025-02-10 02:23,80,
1,2025-02-10 18:27,150,
1,2025-02-10 05:32,150,母乳
1,2025-02-10 19:46,100,
1,2025-02-11 02:38,150,
1,2025-02-11 16:56,150,哺乳瓶
1,2025-02-11 17:17,80,哺乳瓶
1,2025-02-11 21:59,150,哺乳瓶
1,2025-02-11 07:05,120,哺乳瓶
1,2025-02-11 01:12,120,
1,2025-02-11 20:45,120,
1,2025-02-11 17:12,80,哺乳瓶
1,2025-02-12 23:03,150,
1,2025-02-12 23:16,120,母乳
1,2025-02-12 21:02,120,哺乳瓶
1,2025-02-12 07:13,100,哺乳瓶
1,2025-02-12 18:31,100,哺乳瓶
1,2025-02-13 13:55,150,母乳
1,2025-02-13 10:16,80,哺乳瓶
1,2025-02-13 21:04,150,母乳
1,2025-02-13 11:33,80,母乳
1,2025-02-13 19:55,120,母乳
1,2025-02-13 03:49,80,哺乳瓶
1,2025-02-14 05:18,100,
1,2025-02-14 09:48,120,哺乳瓶
1,2025-02-14 15:25,100,哺乳瓶
1,2025-02-14 19:10,120,
1,2025-02-14 20:35,150,哺乳瓶
1,2025-02-14 15:03,150,哺乳瓶
1,2025-02-14 18:00,150,哺乳瓶
1,2025-02-14 16:57,80,母乳
1,2025-02-15 17:32,150,
1,2025-02-15 08:42,80,
1,2025-02-15 03:01,100,
1,2025-02-15 08:55,100,哺乳瓶
1,2025-02-15 13:21,120,哺乳瓶
1,2025-02-15 03:06,120,母乳
1,2025-02-15 00:54,80,
1,2025-02-16 18:32,80,哺乳瓶
1,2025-02-16 23:00,80,
1,2025-02-16 14:15,80,母乳
1,2025-02-16 15:45,120,
1,2025-02-16 23:03,150,母乳
1,2025-02-16 04:24,100,
1,2025-02-17 13:14,120,哺乳瓶
1,2025-02-17 02:56,120,母乳
1,2025-02-17 02:33,100,
1,2025-02-17 08:19,100,哺乳瓶
1,2025-02-17 08:07,150,哺乳瓶
1,2025-02-17 23:48,150,哺乳瓶
1,2025-02-18 01:34,120,母乳
1,2025-02-18 17:46,150,哺乳瓶
1,2025-02-18 20:19,120,哺乳瓶
1,2025-02-18 16:32,150,
1,2025-02-18 22:12,150,
1,2025-02-18 10:25,150,
1,2025-02-18 16:41,120,母乳
1,2025-02-19 18:55,80,哺乳瓶
1,2025-02-19 20:49,100,
1,2025-02-19 01:29,80,母乳
1,2025-02-19 15:41,100,母乳
1,2025-02-19 07:36,120,哺乳瓶
1,2025-02-20 09:34,80,母乳
1,2025-02-20 19:10,120,母乳
1,2025-02-20 16:12,150,哺乳瓶
1,2025-02-20 15:40,120,母乳
1,2025-02-20 06:41,100,
1,2025-02-20 05:43,80,
1,2025-02-21 17:23,120,哺乳瓶
1,2025-02-21 11:04,150,哺乳瓶
1,2025-02-21 20:51,150,母乳
1,2025-02-21 09:06,80,母乳
1,2025-02-21 13:14,100,哺乳瓶
1,2025-02-21 05:44,100,母乳
1,2025-02-21 08:58,100,哺乳瓶
1,2025-02-21 14:12,100,哺乳瓶
1,2025-02-22 15:41,100,
1,2025-02-22 04:13,80,母乳
1,2025-02-22 11:14,100,母乳
1,2025-02-22 17:13,100,母乳
1,2025-02-22 06:54,120,哺乳瓶
1,2025-02-22 14:40,150,母乳
1,2025-02-23 09:31,120,
1,2025-02-23 14:59,150,母乳
1,2025-02-23 07:19,120,哺乳瓶
1,2025-02-23 08:36,120,哺乳瓶
1,2025-02-23 16:58,100,母乳
1,2025-02-24 13:23,120,
1,2025-02-24 17:11,100,母乳
1,2025-02-24 00:47,80,哺乳瓶
1,2025-02-24 15:06,100,母乳
1,2025-02-24 03:20,120,母乳
1,2025-02-25 16:30,150,哺乳瓶
1,2025-02-25 21:40,80,
1,2025-02-25 18:26,80,母乳
1,2025-02-25 14:11,150,母乳
1,2025-02-25 22:58,100,
1,2025-02-26 15:43,100,哺乳瓶
1,2025-02-26 11:36,120,哺乳瓶
1,2025-02-26 12:56,150,母乳
1,2025-02-26 23:27,100,哺乳瓶
1,2025-02-26 04:25,120,
1,2025-02-27 21:13,80,哺乳瓶
1,2025-02-27 06:24,80,
1,2025-02-27 14:45,150,哺乳瓶
1,2025-02-27 11:08,100,
1,2025-02-27 21:47,150,哺乳瓶
1,2025-02-27 19:29,80,母乳
1,2025-02-28 21:30,150,哺乳瓶
1,2025-02-28 13:47,150,
1,2025-02-28 23:16,100,母乳
1,2025-02-28 02:43,80,哺乳瓶
1,2025-02-28 20:25,150,哺乳瓶
1,2025-02-28 01:35,80,
1,2025-03-01 04:54,120,母乳
1,2025-03-01 21:41,120,母乳
1,2025-03-01 18:56,150,
1,2025-03-01 15:32,100,哺乳瓶
1,2025-03-01 09:26,80,母乳
1,2025-03-01 19:41,150,母乳
1,2025-03-02 15:37,100,哺乳瓶
1,2025-03-02 15:45,150,母乳
1,2025-03-02 17:56,100,哺乳瓶
1,2025-03-02 21:20,120,
1,2025-03-02 18:31,100,哺乳瓶
1,2025-03-03 07:39,100,哺乳瓶
1,2025-03-03 15:21,120,母乳
1,2025-03-03 23:37,100,
1,2025-03-03 00:31,100,哺乳瓶
1,2025-03-03 03:09,80,
1,2025-03-04 10:38,150,
1,2025-03-04 21:57,80,哺乳瓶
1,2025-03-04 15:11,80,哺乳瓶
1,2025-03-04 05:24,120,哺乳瓶
1,2025-03-04 09:13,100,母乳
1,2025-03-04 12:40,100,
1,2025-03-04 14:23,80,
1,2025-03-04 10:25,100,哺乳瓶
1,2025-03-05 03:29,80,哺乳瓶
1,2025-03-05 12:56,150,
1,2025-03-05 08:16,80,
1,2025-03-05 16:12,150,
1,2025-03-05 03:31,120,母乳
1,2025-03-05 08:33,120,母乳
1,2025-03-06 20:55,100,哺乳瓶
1,2025-03-06 01:36,100,
1,2025-03-06 13:53,150,母乳
1,2025-03-06 14:55,150,
1,2025-03-06 11:18,100,
1,2025-03-06 09:35,100,
1,2025-03-07 18:32,80,
1,2025-03-07 16:35,100,哺乳瓶
1,2025-03-07 01:17,80,哺乳瓶
1,2025-03-07 06:49,150,
1,2025-03-07 00:31,150,哺乳瓶
1,2025-03-07 06:37,120,哺乳瓶
1,2025-03-07 12:45,100,
1,2025-03-07 00:31,150,哺乳瓶
1,2025-03-08 00:37,100,哺乳瓶
1,2025-03-08 17:14,150,
1,2025-03-08 12:08,100,母乳
1,2025-03-08 02:58,120,哺乳瓶
1,2025-03-08 21:07,150,
1,2025-03-08 20:42,80,母乳
1,2025-03-08 16:25,150,
1,2025-03-09 23:02,150,哺乳瓶
1,2025-03-09 17:18,100,母乳
1,2025-03-09 11:33,80,
1,2025-03-09 07:01,120,母乳
1,2025-03-09 23:28,100,
1,2025-03-09 17:48,80,哺乳瓶
1,2025-03-10 13:43,150,哺乳瓶
1,2025-03-10 07:56,100,
1,2025-03-10 20:09,120,母乳
1,2025-03-10 14:25,150,母乳
1,2025-03-10 03:03,80,
1,2025-03-10 18:24,100,母乳
1,2025-03-11 16:41,150,
1,2025-03-11 05:54,100,母乳
1,2025-03-11 23:41,150,
1,2025-03-11 10:50,150,母乳
1,2025-03-11 06:37,80,哺乳瓶
1,2025-03-11 16:00,80,哺乳瓶
1,2025-03-11 06:11,120,哺乳瓶
1,2025-03-12 06:51,80,哺乳瓶
1,2025-03-12 00:30,80,哺乳瓶
1,2025-03-12 08:08,80,母乳
1,2025-03-12 13:37,80,母乳
1,2025-03-12 14:52,80,哺乳瓶
1,2025-03-13 22:22,80,
1,2025-03-13 06:40,100,
1,2025-03-13 05:08,120,哺乳瓶
1,2025-03-13 09:14,100,哺乳瓶
1,2025-03-13 11:11,80,哺乳瓶
1,2025-03-13 17:10,100,哺乳瓶
1,2025-03-14 11:27,100,哺乳瓶
1,2025-03-14 19:37,80,
1,2025-03-14 21:52,150,母乳
1,2025-03-14 11:26,150,
1,2025-03-14 13:52,100,
1,2025-03-14 16:36,120,哺乳瓶
1,2025-03-15 20:28,80,母乳
1,2025-03-15 21:39,120,
1,2025-03-15 00:50,80,哺乳瓶
1,2025-03-15 15:31,100,
1,2025-03-15 23:05,120,哺乳瓶
1,2025-03-15 19:23,150,哺乳瓶
1,2025-03-15 11:14,80,哺乳瓶
1,2025-03-15 01:21,80,
1,2025-03-16 20:48,120,哺乳瓶
1,2025-03-16 07:44,80,
1,2025-03-16 14:24,120,哺乳瓶
1,2025-03-16 14:20,150,哺乳瓶
1,2025-03-16 18:03,120,母乳
1,2025-03-16 22:25,80,
1,2025-03-16 23:42,120,
1,2025-03-16 09:34,150,哺乳瓶
1,2025-03-17 12:48,100,
1,2025-03-17 00:36,150,母乳
1,2025-03-17 16:55,150,哺乳瓶
1,2025-03-17 07:28,80,哺乳瓶
1,2025-03-17 15:24,100,母乳
1,2025-03-17 21:53,150,母乳
1,2025-03-18 14:21,120,母乳
1,2025-03-18 17:47,80,哺乳瓶
1,2025-03-18 18:18,80,
1,2025-03-18 07:00,150,哺乳瓶
1,2025-03-18 05:31,150,
1,2025-03-19 21:15,100,
1,2025-03-19 05:58,100,哺乳瓶
1,2025-03-19 20:05,100,母乳
1,2025-03-19 14:05,150,母乳
1,2025-03-19 12:37,120,
1,2025-03-19 13:15,80,哺乳瓶
1,2025-03-19 04:13,120,母乳
1,2025-03-19 02:31,120,哺乳瓶
1,2025-03-20 11:08,100,母乳
1,2025-03-20 18:14,100,母乳
1,2025-03-20 20:28,80,哺乳瓶
1,2025-03-20 11:21,100,母乳
1,2025-03-20 02:03,100,母乳
1,2025-03-20 18:08,120,母乳
1,2025-03-21 05:16,80,母乳
1,2025-03-21 23:44,150,
1,2025-03-21 23:07,120,母乳
1,2025-03-21 18:03,100,
1,2025-03-21 21:11,100,哺乳瓶
1,2025-03-21 22:52,100,
1,2025-03-21 18:10,120,哺乳瓶
1,2025-03-21 06:10,120,母乳
1,2025-03-22 05:49,120,母乳
1,2025-03-22 00:58,150,哺乳瓶
1,2025-03-22 11:40,150,哺乳瓶
1,2025-03-22 17:21,150,
1,2025-03-22 05:36,150,哺乳瓶
1,2025-03-22 17:23,80,
1,2025-03-22 18:44,80,母乳
1,2025-03-22 16:06,100,
1,2025-03-23 08:59,100,
1,2025-03-23 08:03,100,哺乳瓶
1,2025-03-23 19:11,120,母乳
1,2025-03-23 14:12,100,母乳
1,2025-03-23 04:16,150,
1,2025-03-23 22:50,80,母乳
1,2025-03-23 16:23,100,哺乳瓶
1,2025-03-23 02:59,150,
1,2025-03-24 05:22,80,母乳
1,2025-03-24 21:29,80,哺乳瓶
1,2025-03-24 05:12,80,母乳
1,2025-03-24 23:46,120,
1,2025-03-24 01:01,120,哺乳瓶
1,2025-03-24 21:10,100,
1,2025-03-24 20:49,150,哺乳瓶
1,2025-03-24 04:34,150,母乳
1,2025-03-25 13:41,150,
1,2025-03-25 22:52,150,哺乳瓶
1,2025-03-25 12:17,100,母乳
1,2025-03-25 16:19,100,哺乳瓶
1,2025-03-25 15:23,100,母乳
1,2025-03-25 14:41,100,哺乳瓶
1,2025-03-25 03:25,150,
1,2025-03-26 15:41,80,哺乳瓶
1,2025-03-26 05:34,120,哺乳瓶
1,2025-03-26 03:11,100,哺乳瓶
1,2025-03-26 11:47,100,母乳
1,2025-03-26 01:47,120,
1,2025-03-26 15:24,100,哺乳瓶
1,2025-03-26 02:07,120,哺乳瓶
1,2025-03-26 07:49,100,母乳
1,2025-03-27 20:13,150,哺乳瓶
1,2025-03-27 12:38,100,
1,2025-03-27 20:06,150,
1,2025-03-27 20:28,120,
1,2025-03-27 18:04,120,
1,2025-03-27 18:37,100,母乳
1,2025-03-27 06:04,80,
1,2025-03-28 03:01,150,
1,2025-03-28 07:17,80,哺乳瓶
1,2025-03-28 12:49,100,哺乳瓶
1,2025-03-28 20:14,120,
1,2025-03-28 19:35,100,哺乳瓶
1,2025-03-28 21:45,150,母乳
1,2025-03-28 10:42,120,
1,2025-03-29 10:22,120,
1,2025-03-29 03:27,100,
1,2025-03-29 09:12,120,母乳
1,2025-03-29 05:24,120,母乳
1,2025-03-29 09:48,100,哺乳瓶
1,2025-03-29 21:49,150,
1,2025-03-30 01:40,100,母乳
1,2025-03-30 17:02,80,哺乳瓶
1,2025-03-30 20:25,100,
1,2025-03-30 15:29,80,母乳
1,2025-03-30 15:59,120,母乳
1,2025-03-31 09:52,120,母乳
1,2025-03-31 10:18,150,
1,2025-03-31 10:17,120,
1,2025-03-31 15:17,150,
1,2025-03-31 06:36,80,母乳
1,2025-03-31 16:36,100,哺乳瓶
1,2025-03-31 03:28,150,哺乳瓶
1,2025-03-31 06:56,80,母乳
1,2025-04-01 23:10,120,母乳
1,2025-04-01 16:50,150,母乳
1,2025-04-01 14:19,150,
1,2025-04-01 20:40,120,
1,2025-04-01 02:52,150,
1,2025-04-01 10:09,150,
1,2025-04-01 05:31,120,
1,2025-04-01 19:52,120,
1,2025-04-02 18:56,120,
1,2025-04-02 11:07,120,哺乳瓶
1,2025-04-02 19:58,100,
1,2025-04-02 10:32,80,母乳
1,2025-04-02 09:08,150,哺乳瓶
1,2025-04-02 08:28,150,母乳
1,2025-04-02 21:09,100,
1,2025-04-02 08:04,150,哺乳瓶
1,2025-04-03 07:34,100,母乳
1,2025-04-03 22:37,80,
1,2025-04-03 15:57,80,母乳
1,2025-04-03 03:13,80,哺乳瓶
1,2025-04-03 00:40,100,
1,2025-04-03 23:04,120,哺乳瓶
1,2025-04-03 18:26,120,哺乳瓶
1,2025-04-03 21:45,100,哺乳瓶
1,2025-04-04 07:23,100,母乳
1,2025-04-04 00:40,150,
1,2025-04-04 05:56,150,哺乳瓶
1,2025-04-04 23:25,100,母乳
1,2025-04-04 15:06,120,母乳
1,2025-04-04 00:44,150,
1,2025-04-04 14:07,120,
1,2025-04-04 14:14,120,母乳
1,2025-04-05 19:17,150,哺乳瓶
1,2025-04-05 21:16,120,母乳
1,2025-04-05 10:19,80,哺乳瓶
1,2025-04-05 18:42,120,母乳
1,2025-04-05 06:21,80,母乳
1,2025-04-05 18:55,150,
1,2025-04-06 17:17,80,
1,2025-04-06 16:33,150,哺乳瓶
1,2025-04-06 20:34,120,母乳
1,2025-04-06 01:50,120,
1,2025-04-06 12:33,80,母乳
1,2025-04-06 09:58,150,
1,2025-04-06 09:37,120,母乳
1,2025-04-07 00:05,100,母乳
1,2025-04-07 03:23,120,
1,2025-04-07 00:06,80,母乳
1,2025-04-07 05:23,80,哺乳瓶
1,2025-04-07 01:22,150,
1,2025-04-08 17:12,80,母乳
1,2025-04-08 06:39,80,
1,2025-04-08 17:35,120,
1,2025-04-08 09:26,80,哺乳瓶
1,2025-04-08 06:30,120,哺乳瓶
1,2025-04-08 00:33,80,
1,2025-04-08 23:53,80,母乳
1,2025-04-08 04:06,100,母乳
1,2025-04-09 05:28,80,母乳
1,2025-04-09 04:08,120,哺乳瓶
1,2025-04-09 00:17,80,哺乳瓶
1,2025-04-09 15:17,80,母乳
1,2025-04-09 22:52,100,
1,2025-04-09 14:51,80,母乳
1,2025-04-09 03:01,80,母乳
1,2025-04-10 21:44,100,母乳
1,2025-04-10 21:45,150,母乳
1,2025-04-10 11:53,150,哺乳瓶
1,2025-04-10 21:50,120,母乳
1,2025-04-10 23:58,150,哺乳瓶
1,2025-04-10 10:55,80,母乳
1,2025-04-10 18:24,100,
1,2025-04-11 02:41,150,
1,2025-04-11 12:05,150,
1,2025-04-11 16:40,100,
1,2025-04-11 15:33,150,母乳
1,2025-04-11 10:30,150,
1,2025-04-11 20:28,80,哺乳瓶
1,2025-04-12 03:20,80,母乳
1,2025-04-12 03:00,150,
1,2025-04-12 21:55,120,哺乳瓶
1,2025-04-12 00:46,120,母乳
1,2025-04-12 16:42,100,哺乳瓶
1,2025-04-13 08:41,80,母乳
1,2025-04-13 09:35,100,母乳
1,2025-04-13 21:41,150,哺乳瓶
1,2025-04-13 18:19,150,
1,2025-04-13 22:42,150,母乳
1,2025-04-13 08:10,80,
1,2025-04-13 14:23,80,哺乳瓶
1,2025-04-14 04:40,80,哺乳瓶
1,2025-04-14 04:35,80,母乳
1,2025-04-14 11:14,120,母乳
1,2025-04-14 15:54,150,母乳
1,2025-04-14 00:17,100,母乳
1,2025-04-15 04:24,100,母乳
1,2025-04-15 18:55,120,母乳
1,2025-04-15 13:53,150,母乳
1,2025-04-15 00:26,100,
1,2025-04-15 09:10,120,母乳
1,2025-04-15 10:06,150,哺乳瓶
1,2025-04-15 01:21,150,母乳
1,2025-04-16 22:17,150,母乳
1,2025-04-16 19:18,100,
1,2025-04-16 17:56,100,母乳
1,2025-04-16 18:53,150,母乳
1,2025-04-16 06:40,80,母乳
1,2025-04-17 16:30,120,
1,2025-04-17 13:47,150,
1,2025-04-17 14:33,120,
1,2025-04-17 17:22,80,哺乳瓶
1,2025-04-17 13:06,120,哺乳瓶
1,2025-04-18 02:01,100,
1,2025-04-18 18:38,100,
1,2025-04-18 10:01,100,
1,2025-04-18 05:17,80,哺乳瓶
1,2025-04-18 03:32,150,母乳
1,2025-04-18 15:28,150,
1,2025-04-18 06:18,120,
1,2025-04-18 06:25,80,哺乳瓶
1,2025-04-19 22:31,100,哺乳瓶
1,2025-04-19 05:35,80,母乳
1,2025-04-19 03:45,80,
1,2025-04-19 19:44,80,哺乳瓶
1,2025-04-19 20:12,150,哺乳瓶
1,2025-04-19 15:15,120,母乳
1,2025-04-19 13:04,150,
1,2025-04-19 08:29,120,哺乳瓶
1,2025-04-20 11:50,150,哺乳瓶
1,2025-04-20 00:06,150,母乳
1,2025-04-20 16:39,80,
1,2025-04-20 20:18,100,
1,2025-04-20 20:04,150,哺乳瓶
1,2025-04-21 01:11,150,母乳
1,2025-04-21 20:32,80,母乳
1,2025-04-21 06:21,120,
1,2025-04-21 20:34,100,哺乳瓶
1,2025-04-21 12:39,80,哺乳瓶
1,2025-04-21 18:04,100,哺乳瓶
1,2025-04-22 19:52,80,
1,2025-04-22 18:14,120,
1,2025-04-22 11:04,120,哺乳瓶
1,2025-04-22 01:05,120,哺乳瓶
1,2025-04-22 07:01,100,母乳
1,2025-04-22 11:10,120,哺乳瓶
1,2025-04-23 07:53,120,哺乳瓶
1,2025-04-23 06:58,150,哺乳瓶
1,2025-04-23 06:19,120,哺乳瓶
1,2025-04-23 17:36,80,母乳
1,2025-04-23 06:45,150,母乳
1,2025-04-24 21:46,150,母乳
1,2025-04-24 09:25,150,哺乳瓶
1,2025-04-24 05:22,80,母乳
1,2025-04-24 18:15,100,哺乳瓶
1,2025-04-24 17:22,150,母乳
1,2025-04-24 08:01,150,母乳
1,2025-04-24 21:10,120,哺乳瓶
1,2025-04-24 05:27,120,
1,2025-04-25 13:54,100,
1,2025-04-25 18:48,80,哺乳瓶
1,2025-04-25 23:34,120,
1,2025-04-25 23:54,150,哺乳瓶
1,2025-04-25 13:58,100,
1,2025-04-25 12:45,150,母乳
1,2025-04-25 00:19,80,
1,2025-04-26 07:02,100,
1,2025-04-26 02:39,150,母乳
1,2025-04-26 09:17,80,哺乳瓶
1,2025-04-26 14:52,80,
1,2025-04-26 12:49,80,母乳
1,2025-04-26 06:30,80,母乳
1,2025-04-26 15:18,100,哺乳瓶
1,2025-04-27 06:50,80,哺乳瓶
1,2025-04-27 22:19,120,母乳
1,2025-04-27 10:14,120,哺乳瓶
1,2025-04-27 14:58,100,母乳
1,2025-04-27 00:05,150,母乳
1,2025-04-27 03:30,80,哺乳瓶
1,2025-04-27 15:20,80,母乳
1,2025-04-28 01:54,80,
1,2025-04-28 07:38,80,哺乳瓶
1,2025-04-28 02:03,120,哺乳瓶
1,2025-04-28 17:00,150,
1,2025-04-28 22:18,80,母乳
1,2025-04-29 15:51,150,母乳
1,2025-04-29 11:56,120,母乳
1,2025-04-29 12:35,150,母乳
1,2025-04-29 10:57,100,
1,2025-04-29 13:32,150,母乳
1,2025-04-30 00:27,120,
1,2025-04-30 08:02,100,母乳
1,2025-04-30 03:56,100,哺乳瓶
1,2025-04-30 08:59,80,
1,2025-04-30 00:53,100,哺乳瓶
1,2025-04-30 00:03,150,母乳
1,2025-04-30 19:55,120,哺乳瓶
1,2025-05-01 04:42,150,母乳
1,2025-05-01 21:16,150,哺乳瓶
1,2025-05-01 15:51,100,哺乳瓶
1,2025-05-01 11:33,100,母乳
1,2025-05-01 23:58,100,哺乳瓶
1,2025-05-01 16:59,120,
1,2025-05-01 07:35,150,哺乳瓶
1,2025-05-02 03:29,80,
1,2025-05-02 21:50,100,
1,2025-05-02 04:57,120,哺乳瓶
1,2025-05-02 15:09,120,
1,2025-05-02 17:28,100,
1,2025-05-03 12:58,80,哺乳瓶
1,2025-05-03 12:35,100,哺乳瓶
1,2025-05-03 06:26,80,
1,2025-05-03 20:11,120,哺乳瓶
1,2025-05-03 14:59,150,
1,2025-05-03 18:32,100,母乳
1,2025-05-03 09:27,100,哺乳瓶
1,2025-05-04 14:33,150,母乳
1,2025-05-04 08:05,100,母乳
1,2025-05-04 16:30,120,哺乳瓶
1,2025-05-04 02:28,80,哺乳瓶
1,2025-05-04 12:54,80,母乳
1,2025-05-04 05:13,120,母乳
1,2025-05-04 18:15,150,
1,2025-05-05 15:16,100,哺乳瓶
1,2025-05-05 00:49,120,哺乳瓶
1,2025-05-05 12:10,100,哺乳瓶
1,2025-05-05 16:21,100,母乳
1,2025-05-05 12:16,150,母乳
1,2025-05-05 06:18,80,哺乳瓶
1,2025-05-06 22:52,120,母乳
1,2025-05-06 23:10,80,哺乳瓶
1,2025-05-06 07:10,80,母乳
1,2025-05-06 20:46,80,哺乳瓶
1,2025-05-06 13:44,120,哺乳瓶
1,2025-05-07 04:33,80,母乳
1,2025-05-07 15:04,120,母乳
1,2025-05-07 15:49,120,哺乳瓶
1,2025-05-07 15:59,120,哺乳瓶
1,2025-05-07 05:48,120,哺乳瓶
1,2025-05-07 08:57,150,
1,2025-05-07 20:58,100,
1,2025-05-07 18:01,120,
1,2025-05-08 14:38,120,哺乳瓶
1,2025-05-08 20:21,150,
1,2025-05-08 01:18,100,母乳
1,2025-05-08 07:57,100,哺乳瓶
1,2025-05-08 21:45,120,
1,2025-05-09 22:54,100,哺乳瓶
1,2025-05-09 07:06,80,母乳
1,2025-05-09 02:17,80,
1,2025-05-09 14:26,80,
1,2025-05-09 00:15,120,哺乳瓶
1,2025-05-09 09:51,100,
1,2025-05-09 11:06,150,
1,2025-05-10 15:14,150,
1,2025-05-10 06:53,150,哺乳瓶
1,2025-05-10 16:38,80,母乳
1,2025-05-10 18:59,80,哺乳瓶
1,2025-05-10 12:13,80,哺乳瓶
1,2025-05-10 19:44,150,母乳
1,2025-05-11 00:35,120,母乳
1,2025-05-11 05:28,120,哺乳瓶
1,2025-05-11 08:08,150,母乳
1,2025-05-11 19:09,150,
1,2025-05-11 15:51,150,哺乳瓶
1,2025-05-11 02:17,100,
1,2025-05-12 04:12,100,
1,2025-05-12 11:32,120,母乳
1,2025-05-12 00:35,120,哺乳瓶
1,2025-05-12 18:08,80,哺乳瓶
1,2025-05-12 02:08,100,母乳
1,2025-05-12 20:28,80,哺乳瓶
1,2025-05-13 20:49,100,
1,2025-05-13 01:22,80,
1,2025-05-13 00:08,120,哺乳瓶
1,2025-05-13 15:39,100,
1,2025-05-13 12:54,150,哺乳瓶
1,2025-05-13 22:32,120,哺乳瓶
1,2025-05-14 10:03,120,母乳
1,2025-05-14 13:19,100,哺乳瓶
1,2025-05-14 01:01,80,
1,2025-05-14 15:51,120,哺乳瓶
1,2025-05-14 17:09,150,母乳
1,2025-05-14 10:29,120,哺乳瓶
1,2025-05-14 14:57,100,哺乳瓶
1,2025-05-14 16:07,80,哺乳瓶
1,2025-05-15 06:59,100,
1,2025-05-15 02:43,150,
1,2025-05-15 07:29,100,哺乳瓶
1,2025-05-15 15:42,100,
1,2025-05-15 20:53,150,
1,2025-05-15 21:47,150,母乳
1,2025-05-15 19:40,150,母乳
1,2025-05-15 16:27,100,母乳
1,2025-05-16 21:17,150,母乳
1,2025-05-16 21:53,120,母乳
1,2025-05-16 02:31,120,
1,2025-05-16 05:00,100,
1,2025-05-16 03:53,150,
1,2025-05-16 20:29,80,
1,2025-05-17 07:11,150,
1,2025-05-17 07:34,80,哺乳瓶
1,2025-05-17 02:48,120,
1,2025-05-17 05:00,150,母乳
1,2025-05-17 12:56,80,母乳
1,2025-05-17 17:47,80,哺乳瓶
1,2025-05-17 06:06,80,哺乳瓶
1,2025-05-17 19:25,100,母乳
1,2025-05-18 18:14,150,母乳
1,2025-05-18 01:24,120,哺乳瓶
1,2025-05-18 00:51,150,哺乳瓶
1,2025-05-18 18:58,80,哺乳瓶
1,2025-05-18 04:50,120,哺乳瓶
1,2025-05-18 16:33,150,哺乳瓶
1,2025-05-19 22:15,100,哺乳瓶
1,2025-05-19 01:37,100,哺乳瓶
1,2025-05-19 00:27,120,
1,2025-05-19 03:38,100,母乳
1,2025-05-19 02:07,150,
1,2025-05-19 21:31,120,母乳
1,2025-05-20 19:30,120,母乳
1,2025-05-20 05:10,80,哺乳瓶
1,2025-05-20 15:47,100,哺乳瓶
1,2025-05-20 12:29,80,
1,2025-05-20 05:01,120,
1,2025-05-20 18:48,120,哺乳瓶
1,2025-05-20 06:45,150,母乳
1,2025-05-20 17:50,150,母乳
1,2025-05-21 07:48,100,哺乳瓶
1,2025-05-21 09:34,100,母乳
1,2025-05-21 09:14,120,
1,2025-05-21 05:04,80,母乳
1,2025-05-21 10:21,150,母乳
1,2025-05-21 13:46,150,母乳
1,2025-05-22 02:47,150,母乳
1,2025-05-22 02:49,80,哺乳瓶
1,2025-05-22 22:26,100,
1,2025-05-22 18:51,100,母乳
1,2025-05-22 06:41,100,
1,2025-05-23 07:44,150,哺乳瓶
1,2025-05-23 05:12,150,哺乳瓶
1,2025-05-23 08:31,150,母乳
1,2025-05-23 09:37,150,
1,2025-05-23 11:58,80,
1,2025-05-23 22:51,120,哺乳瓶
1,2025-05-23 04:50,100,母乳
1,2025-05-23 14:38,150,哺乳瓶
1,2025-05-24 23:23,150,
1,2025-05-24 10:28,80,母乳
1,2025-05-24 15:55,80,哺乳瓶
1,2025-05-24 06:21,80,母乳
1,2025-05-24 16:21,80,母乳
1,2025-05-24 17:31,150,母乳
1,2025-05-24 10:51,80,
1,2025-05-24 20:22,100,母乳
1,2025-05-25 02:53,80,哺乳瓶
1,2025-05-25 19:50,150,哺乳瓶
1,2025-05-25 10:10,120,母乳
1,2025-05-25 10:20,80,哺乳瓶
1,2025-05-25 03:51,80,母乳
1,2025-05-26 01:36,100,
1,2025-05-26 20:05,150,哺乳瓶
1,2025-05-26 05:12,120,母乳
1,2025-05-26 22:17,120,
1,2025-05-26 21:35,80,母乳
1,2025-05-26 00:15,120,
1,2025-05-27 11:42,80,母乳
1,2025-05-27 12:39,150,母乳
1,2025-05-27 00:26,100,
1,2025-05-27 22:48,120,母乳
1,2025-05-27 00:57,150,
1,2025-05-27 02:11,80,哺乳瓶
1,2025-05-27 10:40,100,
1,2025-05-28 16:12,80,哺乳瓶
1,2025-05-28 22:49,100,
1,2025-05-28 17:14,150,母乳
1,2025-05-28 10:55,120,哺乳瓶
1,2025-05-28 13:50,150,哺乳瓶
1,2025-05-29 13:41,150,母乳
1,2025-05-29 21:52,100,母乳
1,2025-05-29 08:08,80,母乳
1,2025-05-29 02:03,100,母乳
1,2025-05-29 00:30,150,哺乳瓶
1,2025-05-30 07:02,120,母乳
1,2025-05-30 14:05,80,
1,2025-05-30 14:31,150,
1,2025-05-30 04:16,120,哺乳瓶
1,2025-05-30 17:11,150,母乳
1,2025-05-31 14:32,100,母乳
1,2025-05-31 12:45,150,
1,2025-05-31 08:59,120,
1,2025-05-31 10:00,100,哺乳瓶
1,2025-05-31 17:27,80,哺乳瓶
1,2025-06-01 02:53,150,哺乳瓶
1,2025-06-01 14:43,150,哺乳瓶
1,2025-06-01 09:54,80,
1,2025-06-01 17:47,120,哺乳瓶
1,2025-06-01 15:24,80,
1,2025-06-01 21:17,100,
1,2025-06-01 09:46,120,
1,2025-06-02 01:48,80,哺乳瓶
1,2025-06-02 07:46,80,
1,2025-06-02 14:17,100,母乳
1,2025-06-02 09:56,80,母乳
1,2025-06-02 18:00,100,哺乳瓶
1,2025-06-03 13:37,120,母乳
1,2025-06-03 23:35,100,哺乳瓶
1,2025-06-03 03:25,120,
1,2025-06-03 04:03,100,母乳
1,2025-06-03 13:18,100,哺乳瓶
1,2025-06-03 15:08,120,哺乳瓶
1,2025-06-03 22:55,150,哺乳瓶
1,2025-06-04 20:22,120,
1,2025-06-04 22:15,150,
1,2025-06-04 06:35,80,
1,2025-06-04 18:15,100,哺乳瓶
1,2025-06-04 15:36,120,哺乳瓶
1,2025-06-04 10:27,80,
1,2025-06-05 19:05,150,
1,2025-06-05 03:07,150,哺乳瓶
1,2025-06-05 17:38,100,母乳
1,2025-06-05 04:29,100,
1,2025-06-05 01:58,100,哺乳瓶
1,2025-06-05 14:11,120,哺乳瓶
1,2025-06-05 16:40,120,母乳
1,2025-06-05 08:10,100,
1,2025-06-06 16:32,120,母乳
1,2025-06-06 22:26,100,
1,2025-06-06 02:44,100,母乳
1,2025-06-06 13:03,100,
1,2025-06-06 03:08,80,哺乳瓶
1,2025-06-06 03:56,120,哺乳瓶
1,2025-06-06 15:34,150,母乳
1,2025-06-07 15:53,120,母乳
1,2025-06-07 00:43,120,
1,2025-06-07 04:01,100,哺乳瓶
1,2025-06-07 18:39,120,母乳
1,2025-06-07 07:21,100,母乳
1,2025-06-07 07:30,120,哺乳瓶
1,2025-06-08 13:36,100,母乳
1,2025-06-08 15:28,150,
1,2025-06-08 11:11,100,哺乳瓶
1,2025-06-08 15:00,100,母乳
1,2025-06-08 21:27,80,哺乳瓶
1,2025-06-09 02:51,100,哺乳瓶
1,2025-06-09 15:27,150,
1,2025-06-09 14:29,150,
1,2025-06-09 10:26,150,
1,2025-06-09 17:50,150,
1,2025-06-10 23:08,120,哺乳瓶
1,2025-06-10 09:18,120,
1,2025-06-10 12:23,120,哺乳瓶
1,2025-06-10 19:38,80,母乳
1,2025-06-10 18:13,80,哺乳瓶
1,2025-06-10 16:42,120,哺乳瓶
1,2025-06-10 07:40,100,
1,2025-06-10 17:49,120,
1,2025-06-11 15:00,150,
1,2025-06-11 12:23,80,母乳
1,2025-06-11 08:04,80,母乳
1,2025-06-11 11:03,120,
1,2025-06-11 21:42,100,
1,2025-06-11 14:30,100,哺乳瓶
1,2025-06-11 21:27,80,
1,2025-06-12 14:40,120,
1,2025-06-12 15:23,80,哺乳瓶
1,2025-06-12 09:14,150,
1,2025-06-12 11:28,120,
1,2025-06-12 19:44,120,
1,2025-06-12 23:36,80,
1,2025-06-13 09:00,100,哺乳瓶
1,2025-06-13 21:04,100,
1,2025-06-13 05:07,150,哺乳瓶
1,2025-06-13 17:35,80,哺乳瓶
1,2025-06-13 06:17,120,
1,2025-06-14 18:38,100,哺乳瓶
1,2025-06-14 22:33,100,哺乳瓶
1,2025-06-14 12:44,120,
1,2025-06-14 03:30,150,母乳
1,2025-06-14 09:52,80,母乳
1,2025-06-14 22:51,150,母乳
1,2025-06-15 21:40,80,母乳
1,2025-06-15 05:44,120,母乳
1,2025-06-15 21:04,100,
1,2025-06-15 14:49,150,哺乳瓶
1,2025-06-15 19:29,150,哺乳瓶
1,2025-06-16 01:06,150,
1,2025-06-16 21:49,120,母乳
1,2025-06-16 18:19,120,
1,2025-06-16 03:11,120,
1,2025-06-16 15:33,150,
1,2025-06-17 14:33,80,哺乳瓶
1,2025-06-17 03:10,150,母乳
1,2025-06-17 11:04,100,哺乳瓶
1,2025-06-17 21:25,150,
1,2025-06-17 21:07,120,
1,2025-06-17 08:01,150,母乳
1,2025-06-18 15:02,150,
1,2025-06-18 16:54,150,母乳
1,2025-06-18 06:08,120,哺乳瓶
1,2025-06-18 10:21,100,母乳
1,2025-06-18 00:34,150,
1,2025-06-19 11:11,120,哺乳瓶
1,2025-06-19 12:14,120,母乳
1,2025-06-19 21:23,80,母乳
1,2025-06-19 10:57,120,
1,2025-06-19 09:35,80,
1,2025-06-20 08:28,100,母乳
1,2025-06-20 20:33,80,母乳
1,2025-06-20 03:03,150,哺乳瓶
1,2025-06-20 13:11,150,
1,2025-06-20 04:29,150,哺乳瓶
1,2025-06-20 11:47,120,母乳
1,2025-06-20 14:44,100,哺乳瓶
1,2025-06-20 07:10,100,母乳
1,2025-06-21 13:51,150,哺乳瓶
1,2025-06-21 01:39,100,哺乳瓶
1,2025-06-21 17:03,100,哺乳瓶
1,2025-06-21 20:44,80,哺乳瓶
1,2025-06-21 05:31,100,哺乳瓶
1,2025-06-22 10:42,80,母乳
1,2025-06-22 22:48,80,哺乳瓶
1,2025-06-22 08:58,80,哺乳瓶
1,2025-06-22 23:11,150,
1,2025-06-22 13:22,100,哺乳瓶
1,2025-06-22 10:16,120,
1,2025-06-22 06:03,120,哺乳瓶
1,2025-06-23 23:24,150,哺乳瓶
1,2025-06-23 08:48,120,
1,2025-06-23 01:23,80,母乳
1,2025-06-23 11:46,120,母乳
1,2025-06-23 02:32,100,
1,2025-06-23 05:33,100,
1,2025-06-23 17:31,120,母乳
1,2025-06-24 13:55,80,
1,2025-06-24 17:31,100,母乳
1,2025-06-24 07:23,80,
1,2025-06-24 10:11,80,
1,2025-06-24 13:20,120,母乳
1,2025-06-24 10:22,120,
1,2025-06-25 19:22,120,母乳
1,2025-06-25 09:59,80,
1,2025-06-25 00:49,120,
1,2025-06-25 10:51,80,
1,2025-06-25 08:56,100,
1,2025-06-25 06:24,80,
1,2025-06-26 19:20,80,
1,2025-06-26 22:28,150,
1,2025-06-26 10:42,80,
1,2025-06-26 16:48,100,
1,2025-06-26 19:17,120,
1,2025-06-27 11:09,150,母乳
1,2025-06-27 10:21,120,
1,2025-06-27 16:16,100,哺乳瓶
1,2025-06-27 05:26,100,哺乳瓶
1,2025-06-27 22:16,100,
1,2025-06-28 09:35,150,母乳
1,2025-06-28 06:43,120,哺乳瓶
1,2025-06-28 20:26,150,母乳
1,2025-06-28 22:50,100,母乳
1,2025-06-28 04:15,80,哺乳瓶
1,2025-06-28 13:35,80,哺乳瓶
1,2025-06-29 18:12,120,哺乳瓶
1,2025-06-29 17:11,100,母乳
1,2025-06-29 00:23,100,哺乳瓶
1,2025-06-29 01:44,150,哺乳瓶
1,2025-06-29 22:30,120,母乳
1,2025-06-29 19:39,150,
1,2025-06-29 22:42,120,哺乳瓶
1,2025-06-29 11:01,100,母乳
1,2025-06-30 06:10,120,母乳
1,2025-06-30 00:19,120,哺乳瓶
1,2025-06-30 07:26,100,
1,2025-06-30 15:10,80,母乳
1,2025-06-30 19:56,120,母乳
1,2025-07-01 04:05,150,
1,2025-07-01 01:42,80,哺乳瓶
1,2025-07-01 08:31,120,哺乳瓶
1,2025-07-01 16:00,120,
1,2025-07-01 15:29,150,母乳
1,2025-07-01 15:45,100,
1,2025-07-01 14:40,100,母乳
1,2025-07-01 19:05,100,哺乳瓶
1,2025-07-02 13:39,120,母乳
1,2025-07-02 01:05,150,
1,2025-07-02 20:38,100,哺乳瓶
1,2025-07-02 03:02,80,哺乳瓶
1,2025-07-02 21:26,80,母乳
1,2025-07-03 10:36,150,母乳
1,2025-07-03 01:24,120,母乳
1,2025-07-03 04:05,80,哺乳瓶
1,2025-07-03 20:57,80,哺乳瓶
1,2025-07-03 12:26,100,哺乳瓶
1,2025-07-03 23:49,80,哺乳瓶
1,2025-07-03 22:42,150,哺乳瓶
1,2025-07-04 09:49,80,母乳
1,2025-07-04 08:06,150,
1,2025-07-04 03:02,120,母乳
1,2025-07-04 13:43,120,
1,2025-07-04 07:38,80,哺乳瓶
1,2025-07-04 15:51,120,母乳
1,2025-07-04 22:47,80,母乳
1,2025-07-04 08:38,80,
1,2025-07-05 15:32,100,哺乳瓶
1,2025-07-05 02:53,80,母乳
1,2025-07-05 13:24,120,哺乳瓶
1,2025-07-05 12:07,100,
1,2025-07-05 16:45,150,
1,2025-07-05 23:30,100,母乳
1,2025-07-05 13:07,80,
1,2025-07-05 02:19,120,
1,2025-07-06 01:07,100,母乳
1,2025-07-06 08:56,150,
1,2025-07-06 07:19,150,母乳
1,2025-07-06 23:10,80,母乳
1,2025-07-06 04:02,100,
1,2025-07-07 01:41,150,母乳
1,2025-07-07 20:59,120,哺乳瓶
1,2025-07-07 11:25,150,
1,2025-07-07 14:25,150,母乳
1,2025-07-07 09:40,100,
1,2025-07-07 11:41,150,
1,2025-07-08 06:43,100,哺乳瓶
1,2025-07-08 22:49,120,
1,2025-07-08 05:26,120,
1,2025-07-08 11:28,80,
1,2025-07-08 05:08,150,
1,2025-07-09 10:46,150,哺乳瓶
1,2025-07-09 20:59,150,
1,2025-07-09 22:11,80,母乳
1,2025-07-09 11:07,80,
1,2025-07-09 09:45,100,哺乳瓶
1,2025-07-09 02:54,100,
1,2025-07-09 13:04,80,母乳
1,2025-07-10 10:45,80,
1,2025-07-10 22:37,150,母乳
1,2025-07-10 08:01,80,
1,2025-07-10 16:45,100,
1,2025-07-10 14:57,120,母乳
1,2025-07-11 17:41,100,母乳
1,2025-07-11 15:06,100,哺乳瓶
1,2025-07-11 13:16,80,母乳
1,2025-07-11 11:17,80,哺乳瓶
1,2025-07-11 21:52,100,母乳
1,2025-07-11 10:15,120,哺乳瓶
1,2025-07-11 14:01,150,哺乳瓶
1,2025-07-11 19:49,120,哺乳瓶
1,2025-07-12 07:31,120,
1,2025-07-12 22:10,80,母乳
1,2025-07-12 10:21,100,
1,2025-07-12 18:39,100,哺乳瓶
1,2025-07-12 23:47,100,哺乳瓶
1,2025-07-13 01:03,100,
1,2025-07-13 20:03,150,哺乳瓶
1,2025-07-13 00:21,150,母乳
1,2025-07-13 15:06,100,哺乳瓶
1,2025-07-13 19:51,120,
1,2025-07-13 15:53,150,母乳
1,2025-07-14 14:35,120,
1,2025-07-14 11:45,150,
1,2025-07-14 15:58,150,
1,2025-07-14 09:13,120,哺乳瓶
1,2025-07-14 14:07,100,母乳
1,2025-07-14 19:35,100,哺乳瓶
1,2025-07-14 12:43,100,哺乳瓶
1,2025-07-15 08:28,150,
1,2025-07-15 17:23,120,
1,2025-07-15 09:32,80,母乳
1,2025-07-15 06:15,120,母乳
1,2025-07-15 16:02,100,母乳
1,2025-07-15 02:55,120,
1,2025-07-15 21:50,150,哺乳瓶
1,2025-07-16 16:05,100,母乳
1,2025-07-16 23:16,120,哺乳瓶
1,2025-07-16 17:48,80,母乳
1,2025-07-16 20:46,80,母乳
1,2025-07-16 13:56,100,母乳
1,2025-07-16 12:23,80,母乳
1,2025-07-16 07:03,80,
1,2025-07-16 23:04,80,哺乳瓶
1,2025-07-17 19:39,120,哺乳瓶
1,2025-07-17 20:50,80,母乳
1,2025-07-17 02:32,150,母乳
1,2025-07-17 12:22,80,哺乳瓶
1,2025-07-17 02:30,150,
1,2025-07-17 19:32,80,
1,2025-07-17 05:34,100,哺乳瓶
1,2025-07-17 06:23,100,哺乳瓶
1,2025-07-18 05:03,150,母乳
1,2025-07-18 07:03,150,哺乳瓶
1,2025-07-18 09:24,100,母乳
1,2025-07-18 14:50,80,母乳
1,2025-07-18 06:08,100,哺乳瓶
1,2025-07-19 08:26,150,哺乳瓶
1,2025-07-19 15:06,150,哺乳瓶
1,2025-07-19 18:20,100,母乳
1,2025-07-19 02:24,100,哺乳瓶
1,2025-07-19 21:44,100,母乳
1,2025-07-20 11:23,120,
1,2025-07-20 21:09,80,
1,2025-07-20 15:40,120,哺乳瓶
1,2025-07-20 13:05,80,母乳
1,2025-07-20 13:39,150,
1,2025-07-20 01:01,150,母乳
1,2025-07-21 16:06,100,哺乳瓶
1,2025-07-21 08:48,150,哺乳瓶
1,2025-07-21 05:08,150,母乳
1,2025-07-21 14:51,80,母乳
1,2025-07-21 13:07,150,
1,2025-07-21 20:56,120,
1,2025-07-21 10:31,150,母乳
1,2025-07-21 16:17,80,
1,2025-07-22 14:09,120,母乳
1,2025-07-22 17:43,120,
1,2025-07-22 22:38,120,母乳
1,2025-07-22 06:13,80,哺乳瓶
1,2025-07-22 11:03,100,哺乳瓶
1,2025-07-22 05:00,150,哺乳瓶
1,2025-07-23 22:46,80,
1,2025-07-23 17:41,150,
1,2025-07-23 00:01,150,哺乳瓶
1,2025-07-23 03:01,100,
1,2025-07-23 14:54,100,
1,2025-07-23 22:58,80,
1,2025-07-23 02:29,120,
1,2025-07-23 09:37,100,哺乳瓶
1,2025-07-24 03:38,150,
1,2025-07-24 02:35,100,母乳
1,2025-07-24 08:09,80,母乳
1,2025-07-24 18:22,80,哺乳瓶
1,2025-07-24 20:26,150,母乳
1,2025-07-24 03:50,120,哺乳瓶
1,2025-07-25 08:23,120,哺乳瓶
1,2025-07-25 18:24,120,
1,2025-07-25 18:03,100,哺乳瓶
1,2025-07-25 07:31,80,母乳
1,2025-07-25 23:13,150,母乳
1,2025-07-25 17:57,150,哺乳瓶
1,2025-07-25 12:33,100,
1,2025-07-25 19:48,120,
1,2025-07-26 12:58,120,母乳
1,2025-07-26 03:11,100,
1,2025-07-26 08:44,80,哺乳瓶
1,2025-07-26 22:41,100,母乳
1,2025-07-26 12:14,150,哺乳瓶
1,2025-07-26 03:28,80,
1,2025-07-27 10:19,80,哺乳瓶
1,2025-07-27 17:26,120,哺乳瓶
1,2025-07-27 12:37,150,
1,2025-07-27 13:02,80,
1,2025-07-27 19:39,120,哺乳瓶
1,2025-07-27 18:03,100,哺乳瓶
1,2025-07-27 12:51,80,哺乳瓶
1,2025-07-27 06:34,150,哺乳瓶
1,2025-07-28 04:43,100,母乳
1,2025-07-28 07:57,120,哺乳瓶
1,2025-07-28 10:36,150,母乳
1,2025-07-28 01:53,100,
1,2025-07-28 06:25,100,
1,2025-07-29 17:40,100,
1,2025-07-29 10:54,120,
1,2025-07-29 15:48,80,哺乳瓶
1,2025-07-29 10:09,120,
1,2025-07-29 06:53,100,
1,2025-07-30 17:27,80,母乳
1,2025-07-30 13:59,150,母乳
1,2025-07-30 13:52,150,哺乳瓶
1,2025-07-30 21:09,150,哺乳瓶
1,2025-07-30 19:19,150,哺乳瓶
1,2025-07-30 23:53,120,母乳
1,2025-07-30 00:46,80,哺乳瓶
1,2025-07-31 11:38,100,母乳
1,2025-07-31 20:42,80,母乳
1,2025-07-31 05:48,120,
1,2025-07-31 11:12,100,母乳
1,2025-07-31 17:08,80,
1,2025-08-01 00:29,80,
1,2025-08-01 04:58,150,
1,2025-08-01 03:46,120,
1,2025-08-01 05:15,150,母乳
1,2025-08-01 15:27,80,
1,2025-08-01 01:05,150,哺乳瓶
1,2025-08-02 05:52,120,母乳
1,2025-08-02 20:39,150,母乳
1,2025-08-02 17:53,80,哺乳瓶
1,2025-08-02 00:22,80,母乳
1,2025-08-02 09:05,120,母乳
1,2025-08-03 08:08,120,母乳
1,2025-08-03 05:03,100,母乳
1,2025-08-03 11:29,150,母乳
1,2025-08-03 00:39,80,哺乳瓶
1,2025-08-03 19:18,120,
1,2025-08-03 10:37,80,
1,2025-08-04 07:00,80,母乳
1,2025-08-04 15:25,80,
1,2025-08-04 23:39,80,
1,2025-08-04 20:36,80,
1,2025-08-04 12:14,80,
1,2025-08-05 07:10,100,母乳
1,2025-08-05 11:26,100,母乳
1,2025-08-05 15:45,80,
1,2025-08-05 19:19,150,哺乳瓶
1,2025-08-05 20:29,120,哺乳瓶
1,2025-08-05 01:34,120,
1,2025-08-05 11:26,100,哺乳瓶
1,2025-08-06 10:38,120,母乳
1,2025-08-06 00:06,80,哺乳瓶
1,2025-08-06 04:22,150,母乳
1,2025-08-06 02:30,100,
1,2025-08-06 05:15,100,
1,2025-08-07 18:12,80,
1,2025-08-07 17:07,80,
1,2025-08-07 22:28,80,
1,2025-08-07 11:48,100,
1,2025-08-07 06:07,120,
1,2025-08-07 18:37,100,
1,2025-08-08 07:28,100,哺乳瓶
1,2025-08-08 04:58,120,母乳
1,2025-08-08 03:32,80,哺乳瓶
1,2025-08-08 17:52,120,
1,2025-08-08 19:07,80,
1,2025-08-08 10:40,80,哺乳瓶
1,2025-08-09 17:35,120,
1,2025-08-09 20:14,80,母乳
1,2025-08-09 21:22,150,母乳
1,2025-08-09 10:05,150,母乳
1,2025-08-09 20:31,120,哺乳瓶
1,2025-08-09 02:51,120,哺乳瓶
1,2025-08-09 07:51,150,
1,2025-08-09 14:51,80,
1,2025-08-10 23:31,80,
1,2025-08-10 06:18,80,哺乳瓶
1,2025-08-10 12:05,150,哺乳瓶
1,2025-08-10 21:42,100,哺乳瓶
1,2025-08-10 15:49,80,
1,2025-08-10 04:13,80,哺乳瓶
1,2025-08-11 10:58,120,
1,2025-08-11 01:47,100,母乳
1,2025-08-11 13:50,150,
1,2025-08-11 15:29,150,哺乳瓶
1,2025-08-11 13:23,120,母乳
1,2025-08-11 19:08,120,
1,2025-08-11 20:42,120,哺乳瓶
1,2025-08-11 05:54,150,母乳
1,2025-08-12 09:50,100,母乳
1,2025-08-12 15:50,120,母乳
1,2025-08-12 13:08,100,
1,2025-08-12 13:07,150,
1,2025-08-12 08:31,80,哺乳瓶
1,2025-08-12 12:13,100,母乳
1,2025-08-12 00:20,120,
1,2025-08-12 04:58,150,母乳
1,2025-08-13 15:29,100,哺乳瓶
1,2025-08-13 16:44,150,哺乳瓶
1,2025-08-13 19:43,120,母乳
1,2025-08-13 09:02,80,母乳
1,2025-08-13 12:22,100,母乳
1,2025-08-13 11:39,120,母乳
1,2025-08-13 06:05,100,哺乳瓶
1,2025-08-14 07:17,150,
1,2025-08-14 10:36,100,哺乳瓶
1,2025-08-14 20:06,120,哺乳瓶
1,2025-08-14 23:15,150,哺乳瓶
1,2025-08-14 02:25,120,
1,2025-08-15 23:49,150,哺乳瓶
1,2025-08-15 12:34,100,
1,2025-08-15 21:42,150,
1,2025-08-15 19:43,100,
1,2025-08-15 19:26,150,
1,2025-08-16 06:45,120,
1,2025-08-16 01:09,100,
1,2025-08-16 23:13,80,
1,2025-08-16 17:03,150,哺乳瓶
1,2025-08-16 08:48,80,哺乳瓶
1,2025-08-17 06:44,80,母乳
1,2025-08-17 11:46,150,哺乳瓶
1,2025-08-17 13:48,100,哺乳瓶
1,2025-08-17 02:46,80,母乳
1,2025-08-17 08:05,120,母乳
1,2025-08-17 10:27,150,哺乳瓶
1,2025-08-17 05:13,80,
1,2025-08-17 04:43,150,
1,2025-08-18 23:46,150,
1,2025-08-18 09:02,150,母乳
1,2025-08-18 15:00,80,母乳
1,2025-08-18 19:42,150,
1,2025-08-18 10:48,80,
1,2025-08-18 08:46,100,
1,2025-08-18 15:11,150,
1,2025-08-18 23:53,120,
1,2025-08-19 17:44,80,哺乳瓶
1,2025-08-19 05:05,100,母乳
1,2025-08-19 17:03,100,哺乳瓶
1,2025-08-19 00:08,120,
1,2025-08-19 23:35,150,
1,2025-08-19 16:40,150,
1,2025-08-19 15:15,80,
1,2025-08-20 03:50,80,母乳
1,2025-08-20 06:26,150,母乳
1,2025-08-20 20:15,150,母乳
1,2025-08-20 12:42,80,母乳
1,2025-08-20 11:30,150,母乳
1,2025-08-20 17:05,80,哺乳瓶
1,2025-08-20 00:23,120,
1,2025-08-20 18:08,80,哺乳瓶
1,2025-08-21 22:40,150,母乳
1,2025-08-21 11:48,80,哺乳瓶
1,2025-08-21 09:11,100,
1,2025-08-21 01:43,120,母乳
1,2025-08-21 11:02,150,
1,2025-08-21 03:35,100,母乳
1,2025-08-21 19:37,120,
1,2025-08-22 12:12,100,哺乳瓶
1,2025-08-22 10:22,100,
1,2025-08-22 00:20,80,哺乳瓶
1,2025-08-22 00:23,120,
1,2025-08-22 01:25,80,哺乳瓶
1,2025-08-23 14:34,120,哺乳瓶
1,2025-08-23 07:55,100,母乳
1,2025-08-23 13:54,80,哺乳瓶
1,2025-08-23 16:23,120,母乳
1,2025-08-23 01:22,80,哺乳瓶
1,2025-08-23 20:42,120,哺乳瓶
1,2025-08-23 14:58,150,母乳
1,2025-08-23 20:39,150,哺乳瓶
1,2025-08-24 06:08,120,哺乳瓶
1,2025-08-24 04:24,100,
1,2025-08-24 01:05,100,哺乳瓶
1,2025-08-24 14:16,120,母乳
1,2025-08-24 12:45,80,
1,2025-08-24 18:31,100,
1,2025-08-25 06:22,100,
1,2025-08-25 11:04,80,哺乳瓶
1,2025-08-25 13:20,150,哺乳瓶
1,2025-08-25 00:06,100,母乳
1,2025-08-25 11:18,150,哺乳瓶
1,2025-08-25 19:09,120,
1,2025-08-25 07:35,150,母乳
1,2025-08-26 14:10,100,母乳
1,2025-08-26 12:24,100,母乳
1,2025-08-26 12:51,100,母乳
1,2025-08-26 03:55,100,母乳
1,2025-08-26 05:27,120,哺乳瓶
1,2025-08-26 01:04,120,母乳
1,2025-08-26 17:43,150,哺乳瓶
1,2025-08-27 11:54,100,哺乳瓶
1,2025-08-27 10:09,100,
1,2025-08-27 20:56,150,哺乳瓶
1,2025-08-27 23:14,80,
1,2025-08-27 20:30,100,母乳
1,2025-08-27 07:50,100,母乳
1,2025-08-27 13:25,120,母乳
1,2025-08-27 05:32,100,母乳
1,2025-08-28 17:17,150,哺乳瓶
1,2025-08-28 01:07,80,哺乳瓶
1,2025-08-28 14:43,100,
1,2025-08-28 09:44,100,哺乳瓶
1,2025-08-28 23:29,120,哺乳瓶
1,2025-08-28 22:58,120,
1,2025-08-28 21:40,80,
1,2025-08-28 05:28,120,
1,2025-08-29 10:28,100,母乳
1,2025-08-29 23:24,80,
1,2025-08-29 21:10,80,
1,2025-08-29 05:11,150,
1,2025-08-29 01:11,120,
1,2025-08-29 00:45,120,母乳
1,2025-08-29 21:00,120,母乳
1,2025-08-29 04:42,120,母乳
1,2025-08-30 10:52,100,
1,2025-08-30 20:34,80,哺乳瓶
1,2025-08-30 11:41,120,
1,2025-08-30 10:51,120,
1,2025-08-30 00:27,120,母乳
1,2025-08-31 00:23,120,母乳
1,2025-08-31 17:44,100,
1,2025-08-31 12:08,150,母乳
1,2025-08-31 07:19,80,母乳
1,2025-08-31 00:54,120,哺乳瓶
1,2025-08-31 00:32,150,母乳
1,2025-08-31 04:32,120,哺乳瓶
1,2025-09-01 03:13,150,哺乳瓶
1,2025-09-01 19:33,120,母乳
1,2025-09-01 22:31,80,
1,2025-09-01 05:09,100,哺乳瓶
1,2025-09-01 13:39,100,哺乳瓶
1,2025-09-01 14:33,80,哺乳瓶
1,2025-09-02 00:06,100,
1,2025-09-02 04:10,150,哺乳瓶
1,2025-09-02 20:49,150,哺乳瓶
1,2025-09-02 08:29,80,母乳
1,2025-09-02 03:39,120,哺乳瓶
1,2025-09-02 05:14,150,
1,2025-09-02 04:16,100,母乳
1,2025-09-02 20:17,150,哺乳瓶
1,2025-09-03 14:24,150,哺乳瓶
1,2025-09-03 20:43,100,母乳
1,2025-09-03 05:25,100,母乳
1,2025-09-03 02:56,80,哺乳瓶
1,2025-09-03 23:48,120,
1,2025-09-03 19:36,120,
1,2025-09-04 23:20,120,
1,2025-09-04 16:43,80,母乳
1,2025-09-04 05:25,100,哺乳瓶
1,2025-09-04 18:08,150,哺乳瓶
1,2025-09-04 04:29,120,哺乳瓶
1,2025-09-04 02:54,80,哺乳瓶
1,2025-09-04 22:32,80,
1,2025-09-05 17:31,120,母乳
1,2025-09-05 12:39,100,
1,2025-09-05 15:59,120,
1,2025-09-05 18:21,120,母乳
1,2025-09-05 15:30,80,母乳
1,2025-09-05 02:50,150,母乳
1,2025-09-05 09:20,150,母乳
1,2025-09-06 09:55,150,母乳
1,2025-09-06 18:55,80,
1,2025-09-06 12:54,150,
1,2025-09-06 23:25,100,哺乳瓶
1,2025-09-06 19:44,120,母乳
1,2025-09-06 22:01,120,母乳
1,2025-09-06 07:18,150,
1,2025-09-06 23:36,150,母乳
1,2025-09-07 12:07,80,
1,2025-09-07 16:57,120,哺乳瓶
1,2025-09-07 16:13,120,母乳
1,2025-09-07 17:01,120,哺乳瓶
1,2025-09-07 17:44,100,母乳
1,2025-09-08 13:25,150,哺乳瓶
1,2025-09-08 21:48,150,母乳
1,2025-09-08 08:15,150,哺乳瓶
1,2025-09-08 02:42,120,哺乳瓶
1,2025-09-08 05:36,80,母乳
1,2025-09-08 05:13,80,哺乳瓶
1,2025-09-08 13:37,80,母乳
1,2025-09-09 16:30,120,
1,2025-09-09 01:04,100,
1,2025-09-09 18:15,120,
1,2025-09-09 21:09,120,
1,2025-09-09 01:49,150,母乳
1,2025-09-09 10:09,150,
1,2025-09-09 08:50,150,哺乳瓶
1,2025-09-10 10:36,80,
1,2025-09-10 12:15,80,
1,2025-09-10 00:09,80,
1,2025-09-10 06:36,100,母乳
1,2025-09-10 03:20,80,哺乳瓶
1,2025-09-10 09:51,80,哺乳瓶
1,2025-09-10 04:09,120,哺乳瓶
1,2025-09-10 19:18,120,哺乳瓶
1,2025-09-11 20:10,80,哺乳瓶
1,2025-09-11 12:00,100,哺乳瓶
1,2025-09-11 20:00,80,母乳
1,2025-09-11 04:51,120,
1,2025-09-11 22:22,80,母乳
1,2025-09-11 19:22,120,
1,2025-09-11 17:50,100,哺乳瓶
1,2025-09-11 22:10,80,母乳
1,2025-09-12 21:48,120,哺乳瓶
1,2025-09-12 04:35,100,母乳
1,2025-09-12 22:00,120,母乳
1,2025-09-12 01:07,120,母乳
1,2025-09-12 04:15,80,哺乳瓶
1,2025-09-13 06:36,100,哺乳瓶
1,2025-09-13 03:29,100,母乳
1,2025-09-13 16:37,150,哺乳瓶
1,2025-09-13 03:26,150,
1,2025-09-13 17:53,100,母乳
1,2025-09-14 23:19,80,母乳
1,2025-09-14 09:38,120,哺乳瓶
1,2025-09-14 20:51,100,
1,2025-09-14 00:42,100,母乳
1,2025-09-14 22:47,80,哺乳瓶
1,2025-09-15 04:55,100,哺乳瓶
1,2025-09-15 17:06,120,
1,2025-09-15 11:48,80,哺乳瓶
1,2025-09-15 20:06,120,母乳
1,2025-09-15 22:09,150,
1,2025-09-15 07:19,120,
1,2025-09-15 07:29,80,母乳
1,2025-09-15 16:12,80,
1,2025-09-16 08:12,150,母乳
1,2025-09-16 03:46,80,母乳
1,2025-09-16 04:42,150,
1,2025-09-16 12:47,100,母乳
1,2025-09-16 06:56,100,哺乳瓶
1,2025-09-17 08:30,150,母乳
1,2025-09-17 10:20,150,母乳
1,2025-09-17 20:07,100,
1,2025-09-17 00:45,80,
1,2025-09-17 11:16,100,母乳
1,2025-09-17 12:52,120,
1,2025-09-18 14:02,100,
1,2025-09-18 22:02,100,
1,2025-09-18 12:52,150,
1,2025-09-18 00:45,100,哺乳瓶
1,2025-09-18 22:38,120,
1,2025-09-18 05:26,80,
1,2025-09-18 07:53,100,哺乳瓶
1,2025-09-18 20:02,80,
1,2025-09-19 15:09,100,哺乳瓶
1,2025-09-19 16:26,100,
1,2025-09-19 12:03,80,母乳
1,2025-09-19 19:48,80,母乳
1,2025-09-19 16:12,150,哺乳瓶
1,2025-09-20 10:50,150,
1,2025-09-20 10:51,100,哺乳瓶
1,2025-09-20 09:19,100,哺乳瓶
1,2025-09-20 04:28,120,哺乳瓶
1,2025-09-20 03:56,100,哺乳瓶
1,2025-09-20 22:07,150,母乳
1,2025-09-20 14:02,80,
1,2025-09-21 12:59,120,哺乳瓶
1,2025-09-21 05:13,100,哺乳瓶
1,2025-09-21 17:12,100,
1,2025-09-21 01:47,100,
1,2025-09-21 13:23,120,
1,2025-09-22 00:56,150,母乳
1,2025-09-22 00:22,120,哺乳瓶
1,2025-09-22 08:59,80,
1,2025-09-22 21:20,120,
1,2025-09-22 18:14,120,
1,2025-09-22 10:53,80,母乳
1,2025-09-22 05:32,150,哺乳瓶
1,2025-09-23 05:29,80,
1,2025-09-23 06:46,80,
1,2025-09-23 17:11,80,哺乳瓶
1,2025-09-23 03:40,100,
1,2025-09-23 23:02,100,母乳
1,2025-09-23 05:11,150,哺乳瓶
1,2025-09-23 23:14,120,
1,2025-09-23 07:53,80,
1,2025-09-24 05:29,80,母乳
1,2025-09-24 05:30,100,
1,2025-09-24 13:54,80,母乳
1,2025-09-24 03:52,120,母乳
1,2025-09-24 09:19,150,哺乳瓶
1,2025-09-24 03:41,100,哺乳瓶
1,2025-09-24 02:55,120,
1,2025-09-25 23:52,100,母乳
1,2025-09-25 06:19,120,哺乳瓶
1,2025-09-25 17:07,150,哺乳瓶
1,2025-09-25 21:31,100,母乳
1,2025-09-25 10:52,80,哺乳瓶
1,2025-09-25 03:23,80,哺乳瓶
1,2025-09-26 15:59,150,哺乳瓶
1,2025-09-26 14:19,80,
1,2025-09-26 21:31,80,
1,2025-09-26 22:49,120,哺乳瓶
1,2025-09-26 13:55,80,母乳
1,2025-09-26 03:03,150,
1,2025-09-26 19:04,80,母乳
1,2025-09-27 19:49,120,
1,2025-09-27 01:43,80,母乳
1,2025-09-27 21:19,80,
1,2025-09-27 09:50,150,母乳
1,2025-09-27 04:10,150,母乳
1,2025-09-28 15:10,100,哺乳瓶
1,2025-09-28 20:43,80,哺乳瓶
1,2025-09-28 23:17,80,母乳
1,2025-09-28 14:18,120,哺乳瓶
1,2025-09-28 04:05,100,母乳
1,2025-09-29 11:27,100,哺乳瓶
1,2025-09-29 15:40,150,
1,2025-09-29 19:47,100,母乳
1,2025-09-29 14:46,100,母乳
1,2025-09-29 15:08,100,哺乳瓶
1,2025-09-30 11:43,80,
1,2025-09-30 03:08,150,母乳
1,2025-09-30 11:01,100,哺乳瓶
1,2025-09-30 14:13,100,母乳
1,2025-09-30 03:55,80,母乳
1,2025-09-30 09:44,80,哺乳瓶
1,2025-10-01 18:11,150,哺乳瓶
1,2025-10-01 07:36,80,哺乳瓶
1,2025-10-01 18:52,120,母乳
1,2025-10-01 10:33,120,哺乳瓶
1,2025-10-01 08:03,150,哺乳瓶
1,2025-10-01 00:05,80,
1,2025-10-02 10:04,80,
1,2025-10-02 07:48,120,哺乳瓶
1,2025-10-02 22:46,120,
1,2025-10-02 17:43,80,母乳
1,2025-10-02 17:56,100,
1,2025-10-02 09:40,120,母乳
1,2025-10-02 02:25,120,
1,2025-10-02 06:09,150,母乳
1,2025-10-03 20:18,80,
1,2025-10-03 22:40,100,哺乳瓶
1,2025-10-03 12:32,80,母乳
1,2025-10-03 16:14,100,哺乳瓶
1,2025-10-03 02:57,80,哺乳瓶
1,2025-10-04 09:22,100,母乳
1,2025-10-04 22:25,120,母乳
1,2025-10-04 09:22,120,哺乳瓶
1,2025-10-04 09:19,80,
1,2025-10-04 09:34,120,哺乳瓶
1,2025-10-04 04:16,100,
1,2025-10-04 05:47,150,哺乳瓶
1,2025-10-04 14:03,150,
1,2025-10-05 02:30,80,哺乳瓶
1,2025-10-05 10:20,150,母乳
1,2025-10-05 09:38,100,哺乳瓶
1,2025-10-05 10:33,100,母乳
1,2025-10-05 17:22,80,
1,2025-10-05 09:55,100,母乳
1,2025-10-05 23:39,150,哺乳瓶
1,2025-10-06 20:13,80,哺乳瓶
1,2025-10-06 21:40,150,
1,2025-10-06 22:15,120,母乳
1,2025-10-06 11:58,100,母乳
1,2025-10-06 21:45,150,母乳
1,2025-10-07 02:35,120,哺乳瓶
1,2025-10-07 18:32,120,哺乳瓶
1,2025-10-07 02:59,120,母乳
1,2025-10-07 19:04,120,母乳
1,2025-10-07 18:16,150,
1,2025-10-07 04:49,100,
1,2025-10-07 03:55,120,母乳
1,2025-10-08 12:21,150,
1,2025-10-08 03:34,80,母乳
1,2025-10-08 20:33,150,哺乳瓶
1,2025-10-08 20:25,100,哺乳瓶
1,2025-10-08 00:09,150,哺乳瓶
1,2025-10-08 22:12,80,母乳
1,2025-10-08 11:48,80,母乳
1,2025-10-09 20:24,100,哺乳瓶
1,2025-10-09 18:38,120,
1,2025-10-09 01:56,100,哺乳瓶
1,2025-10-09 02:43,120,母乳
1,2025-10-09 08:24,120,哺乳瓶
1,2025-10-09 21:56,120,哺乳瓶
1,2025-10-10 08:30,120,哺乳瓶
1,2025-10-10 03:26,80,哺乳瓶
1,2025-10-10 18:15,80,哺乳瓶
1,2025-10-10 02:54,100,母乳
1,2025-10-10 14:20,120,哺乳瓶
1,2025-10-11 12:19,100,母乳
1,2025-10-11 12:32,120,母乳
1,2025-10-11 20:17,150,
1,2025-10-11 22:07,120,哺乳瓶
1,2025-10-11 17:09,150,母乳
1,2025-10-11 08:09,80,
1,2025-10-11 20:29,100,母乳
1,2025-10-11 19:35,100,
1,2025-10-12 06:41,100,
1,2025-10-12 19:35,150,母乳
1,2025-10-12 00:40,120,母乳
1,2025-10-12 05:08,120,母乳
1,2025-10-12 00:34,120,母乳
1,2025-10-12 23:44,100,
1,2025-10-12 19:45,150,
1,2025-10-12 06:06,80,哺乳瓶
1,2025-10-13 21:17,150,母乳
1,2025-10-13 18:59,150,哺乳瓶
1,2025-10-13 00:43,100,
1,2025-10-13 00:12,120,
1,2025-10-13 11:24,100,
1,2025-10-13 06:15,80,哺乳瓶
1,2025-10-14 09:07,80,母乳
1,2025-10-14 01:31,120,
1,2025-10-14 01:27,80,母乳
1,2025-10-14 23:23,100,
1,2025-10-14 02:10,80,
1,2025-10-14 11:14,80,哺乳瓶
1,2025-10-15 01:55,80,
1,2025-10-15 22:23,80,
1,2025-10-15 07:03,100,哺乳瓶
1,2025-10-15 01:37,150,哺乳瓶
1,2025-10-15 20:47,100,母乳
1,2025-10-15 12:48,150,母乳
1,2025-10-15 10:27,80,
1,2025-10-16 01:51,100,母乳
1,2025-10-16 00:22,150,哺乳瓶
1,2025-10-16 13:24,150,
1,2025-10-16 19:46,150,
1,2025-10-16 11:09,120,母乳
1,2025-10-16 06:47,100,哺乳瓶
1,2025-10-16 15:05,100,母乳
1,2025-10-16 22:35,150,哺乳瓶
1,2025-10-17 14:09,120,
1,2025-10-17 01:45,80,母乳
1,2025-10-17 13:33,80,哺乳瓶
1,2025-10-17 02:34,80,
1,2025-10-17 11:39,150,
1,2025-10-18 22:28,150,
1,2025-10-18 01:24,80,母乳
1,2025-10-18 02:00,80,母乳
1,2025-10-18 16:42,150,
1,2025-10-18 04:35,80,
1,2025-10-18 23:35,100,
1,2025-10-18 01:24,120,
1,2025-10-19 20:33,80,
1,2025-10-19 22:00,150,哺乳瓶
1,2025-10-19 01:02,100,母乳
1,2025-10-19 07:42,80,
1,2025-10-19 00:48,150,
1,2025-10-19 01:58,100,哺乳瓶
1,2025-10-19 13:50,150,
1,2025-10-20 05:53,80,母乳
1,2025-10-20 07:31,80,
1,2025-10-20 16:45,100,哺乳瓶
1,2025-10-20 04:11,100,哺乳瓶
1,2025-10-20 01:14,150,
1,2025-10-20 14:03,150,母乳
1,2025-10-20 16:05,150,哺乳瓶
1,2025-10-21 14:53,80,哺乳瓶
1,2025-10-21 12:24,120,哺乳瓶
1,2025-10-21 20:08,80,母乳
1,2025-10-21 00:24,150,哺乳瓶
1,2025-10-21 06:52,120,哺乳瓶
1,2025-10-21 10:21,120,母乳
1,2025-10-22 15:08,80,母乳
1,2025-10-22 15:10,80,哺乳瓶
1,2025-10-22 03:22,150,母乳
1,2025-10-22 10:46,120,哺乳瓶
1,2025-10-22 21:51,80,母乳
1,2025-10-23 14:37,100,
1,2025-10-23 04:17,100,母乳
1,2025-10-23 11:06,150,
1,2025-10-23 03:06,120,哺乳瓶
1,2025-10-23 14:23,150,母乳
1,2025-10-24 02:35,150,哺乳瓶
1,2025-10-24 16:03,120,哺乳瓶
1,2025-10-24 09:48,150,母乳
1,2025-10-24 20:11,120,哺乳瓶
1,2025-10-24 09:11,100,
1,2025-10-24 11:31,80,
1,2025-10-24 23:40,120,母乳
1,2025-10-25 20:07,150,哺乳瓶
1,2025-10-25 10:38,80,母乳
1,2025-10-25 14:22,100,
1,2025-10-25 12:39,80,哺乳瓶
1,2025-10-25 13:17,80,母乳
1,2025-10-26 17:22,100,母乳
1,2025-10-26 06:31,120,母乳
1,2025-10-26 15:47,100,母乳
1,2025-10-26 04:53,150,母乳
1,2025-10-26 13:43,80,母乳
1,2025-10-26 15:47,100,
1,2025-10-26 07:56,150,母乳
1,2025-10-27 02:05,150,母乳
1,2025-10-27 20:22,80,
1,2025-10-27 02:08,150,
1,2025-10-27 00:13,150,
1,2025-10-27 14:55,80,哺乳瓶
1,2025-10-27 07:14,120,哺乳瓶
1,2025-10-28 14:13,80,母乳
1,2025-10-28 17:54,150,
1,2025-10-28 08:44,100,
1,2025-10-28 03:19,120,哺乳瓶
1,2025-10-28 06:34,120,哺乳瓶
1,2025-10-29 10:12,100,哺乳瓶
1,2025-10-29 06:51,80,
1,2025-10-29 07:50,150,哺乳瓶
1,2025-10-29 09:04,120,母乳
1,2025-10-29 16:10,80,母乳
1,2025-10-29 03:37,120,母乳
1,2025-10-29 19:21,100,哺乳瓶
1,2025-10-30 03:57,100,
1,2025-10-30 06:43,100,哺乳瓶
1,2025-10-30 05:12,120,哺乳瓶
1,2025-10-30 09:35,150,母乳
1,2025-10-30 04:16,100,哺乳瓶
1,2025-10-30 06:37,150,哺乳瓶
1,2025-10-31 07:34,80,哺乳瓶
1,2025-10-31 20:42,100,母乳
1,2025-10-31 13:57,100,
1,2025-10-31 01:06,100,哺乳瓶
1,2025-10-31 13:00,100,母乳
1,2025-10-31 05:48,120,母乳
1,2025-11-01 04:45,120,
1,2025-11-01 02:44,100,母乳
1,2025-11-01 07:40,120,母乳
1,2025-11-01 13:38,120,哺乳瓶
1,2025-11-01 03:40,120,哺乳瓶
1,2025-11-01 18:56,150,母乳
1,2025-11-02 00:01,80,母乳
1,2025-11-02 09:05,120,
1,2025-11-02 18:36,80,哺乳瓶
1,2025-11-02 09:47,150,母乳
1,2025-11-02 00:41,100,母乳
1,2025-11-03 07:10,150,哺乳瓶
1,2025-11-03 00:38,150,母乳
1,2025-11-03 16:46,80,哺乳瓶
1,2025-11-03 02:53,150,母乳
1,2025-11-03 13:05,150,
1,2025-11-04 18:34,100,
1,2025-11-04 13:31,120,哺乳瓶
1,2025-11-04 02:36,120,母乳
1,2025-11-04 05:36,120,哺乳瓶
1,2025-11-04 02:22,150,母乳
1,2025-11-04 14:21,150,哺乳瓶
