child_id,time,note
1,2024-10-01 09:44,
1,2024-10-01 00:52,
1,2024-10-01 16:36,
1,2024-10-01 12:25,
1,2024-10-01 03:48,
1,2024-10-01 18:05,
1,2024-10-01 13:25,
1,2024-10-01 03:23,
1,2024-10-01 15:16,
1,2024-10-02 02:25,
1,2024-10-02 08:13,
1,2024-10-02 15:33,
1,2024-10-02 01:27,
1,2024-10-02 03:01,
1,2024-10-02 07:47,
1,2024-10-02 16:02,
1,2024-10-02 18:18,
1,2024-10-03 11:40,
1,2024-10-03 00:20,
1,2024-10-03 04:32,
1,2024-10-03 18:41,
1,2024-10-03 01:43,
1,2024-10-03 02:18,
1,2024-10-03 22:49,
1,2024-10-03 02:18,
1,2024-10-03 07:52,
1,2024-10-04 15:32,
1,2024-10-04 12:21,
1,2024-10-04 08:16,
1,2024-10-04 18:12,
1,2024-10-04 19:34,
1,2024-10-04 02:29,
1,2024-10-04 08:11,
1,2024-10-04 20:56,
1,2024-10-04 14:52,
1,2024-10-04 13:36,
1,2024-10-05 09:13,
1,2024-10-05 10:49,
1,2024-10-05 01:10,
1,2024-10-05 19:54,
1,2024-10-05 19:18,
1,2024-10-05 19:18,
1,2024-10-05 10:12,
1,2024-10-05 02:48,
1,2024-10-05 09:58,
1,2024-10-06 15:22,
1,2024-10-06 08:10,
1,2024-10-06 21:49,
1,2024-10-06 06:00,
1,2024-10-06 01:51,
1,2024-10-06 18:21,
1,2024-10-06 04:38,
1,2024-10-06 21:09,
1,2024-10-06 04:11,
1,2024-10-06 16:14,
1,2024-10-07 16:34,
1,2024-10-07 04:33,
1,2024-10-07 03:13,
1,2024-10-07 19:44,
1,2024-10-07 10:16,
1,2024-10-07 09:44,
1,2024-10-07 03:45,
1,2024-10-08 19:25,
1,2024-10-08 21:21,
1,2024-10-08 06:58,
1,2024-10-08 22:00,
1,2024-10-08 05:13,
1,2024-10-08 04:25,
1,2024-10-08 10:14,
1,2024-10-08 21:51,
1,2024-10-08 14:23,
1,2024-10-08 19:09,
1,2024-10-09 18:24,
1,2024-10-09 01:24,
1,2024-10-09 20:10,
1,2024-10-09 00:05,
1,2024-10-09 19:55,
1,2024-10-09 05:52,
1,2024-10-09 07:46,
1,2024-10-09 01:03,
1,2024-10-10 09:01,
1,2024-10-10 04:28,
1,2024-10-10 22:56,
1,2024-10-10 06:58,
1,2024-10-10 14:03,
1,2024-10-10 20:46,
1,2024-10-11 04:55,
1,2024-10-11 17:07,
1,2024-10-11 15:41,
1,2024-10-11 11:44,
1,2024-10-11 03:34,
1,2024-10-11 14:42,
1,2024-10-11 14:15,
1,2024-10-11 04:19,
1,2024-10-11 22:49,
1,2024-10-11 23:55,
1,2024-10-12 21:17,
1,2024-10-12 03:17,
1,2024-10-12 17:58,
1,2024-10-12 13:32,
1,2024-10-12 11:55,
1,2024-10-12 18:31,
1,2024-10-12 05:11,
1,2024-10-13 19:54,
1,2024-10-13 07:38,
1,2024-10-13 16:29,
1,2024-10-13 11:51,
1,2024-10-13 19:50,
1,2024-10-13 11:01,
1,2024-10-13 21:32,
1,2024-10-13 22:03,
1,2024-10-14 18:34,
1,2024-10-14 15:15,
1,2024-10-14 00:40,
1,2024-10-14 16:41,
1,2024-10-14 03:55,
1,2024-10-14 20:24,
1,2024-10-14 19:24,
1,2024-10-14 22:01,
1,2024-10-15 18:51,
1,2024-10-15 11:44,
1,2024-10-15 20:16,
1,2024-10-15 22:03,
1,2024-10-15 12:02,
1,2024-10-15 06:30,
1,2024-10-15 19:36,
1,2024-10-16 20:28,
1,2024-10-16 00:39,
1,2024-10-16 14:11,
1,2024-10-16 21:35,
1,2024-10-16 07:10,
1,2024-10-16 12:50,
1,2024-10-16 17:40,
1,2024-10-17 13:31,
1,2024-10-17 02:11,
1,2024-10-17 17:20,
1,2024-10-17 14:13,
1,2024-10-17 04:22,
1,2024-10-17 13:44,
1,2024-10-17 08:34,
1,2024-10-17 15:17,
1,2024-10-17 21:50,
1,2024-10-18 00:00,
1,2024-10-18 22:33,
1,2024-10-18 19:19,
1,2024-10-18 17:19,
1,2024-10-18 14:07,
1,2024-10-18 23:23,
1,2024-10-18 06:57,
1,2024-10-18 12:52,
1,2024-10-18 23:22,
1,2024-10-19 23:46,
1,2024-10-19 02:40,
1,2024-10-19 00:33,
1,2024-10-19 21:04,
1,2024-10-19 00:07,
1,2024-10-19 03:23,
1,2024-10-20 01:36,
1,2024-10-20 10:02,
1,2024-10-20 11:15,
1,2024-10-20 17:18,
1,2024-10-20 18:55,
1,2024-10-20 06:20,
1,2024-10-20 04:32,
1,2024-10-20 03:02,
1,2024-10-20 11:21,
1,2024-10-21 19:10,
1,2024-10-21 04:31,
1,2024-10-21 07:13,
1,2024-10-21 03:16,
1,2024-10-21 19:58,
1,2024-10-21 02:18,
1,2024-10-21 16:00,
1,2024-10-21 21:07,
1,2024-10-21 07:09,
1,2024-10-22 01:52,
1,2024-10-22 10:07,
1,2024-10-22 02:14,
1,2024-10-22 07:59,
1,2024-10-22 19:46,
1,2024-10-22 21:22,
1,2024-10-22 10:10,
1,2024-10-22 07:17,
1,2024-10-22 00:15,
1,2024-10-22 22:57,
1,2024-10-23 12:49,
1,2024-10-23 07:42,
1,2024-10-23 10:38,
1,2024-10-23 07:41,
1,2024-10-23 07:29,
1,2024-10-23 08:44,
1,2024-10-23 00:34,
1,2024-10-23 20:42,
1,2024-10-23 19:26,
1,2024-10-24 10:38,
1,2024-10-24 00:17,
1,2024-10-24 23:44,
1,2024-10-24 16:53,
1,2024-10-24 23:30,
1,2024-10-24 12:20,
1,2024-10-25 00:57,
1,2024-10-25 21:15,
1,2024-10-25 10:35,
1,2024-10-25 12:35,
1,2024-10-25 12:45,
1,2024-10-25 10:38,
1,2024-10-25 03:41,
1,2024-10-26 03:40,
1,2024-10-26 08:09,
1,2024-10-26 18:52,
1,2024-10-26 13:00,
1,2024-10-26 05:53,
1,2024-10-26 04:02,
1,2024-10-26 17:55,
1,2024-10-26 10:25,
1,2024-10-26 20:45,
1,2024-10-27 11:42,
1,2024-10-27 07:23,
1,2024-10-27 06:18,
1,2024-10-27 20:24,
1,2024-10-27 15:06,
1,2024-10-27 18:08,
1,2024-10-27 11:18,
1,2024-10-27 02:00,
1,2024-10-27 12:32,
1,2024-10-28 13:12,
1,2024-10-28 14:00,
1,2024-10-28 06:26,
1,2024-10-28 21:00,
1,2024-10-28 16:06,
1,2024-10-28 18:28,
1,2024-10-29 08:45,
1,2024-10-29 20:30,
1,2024-10-29 17:23,
1,2024-10-29 20:33,
1,2024-10-29 19:09,
1,2024-10-29 00:51,
1,2024-10-29 14:57,
1,2024-10-29 18:19,
1,2024-10-29 12:32,
1,2024-10-29 12:45,
1,2024-10-30 01:16,
1,2024-10-30 18:27,
1,2024-10-30 20:04,
1,2024-10-30 02:22,
1,2024-10-30 21:18,
1,2024-10-30 22:43,
1,2024-10-30 10:59,
1,2024-10-30 12:35,
1,2024-10-30 23:12,
1,2024-10-30 11:36,
1,2024-10-31 03:21,
1,2024-10-31 18:40,
1,2024-10-31 09:08,
1,2024-10-31 12:02,
1,2024-10-31 14:04,
1,2024-10-31 07:07,
1,2024-10-31 13:11,
1,2024-10-31 21:53,
1,2024-10-31 06:35,
1,2024-11-01 17:28,
1,2024-11-01 16:00,
1,2024-11-01 02:07,
1,2024-11-01 13:20,
1,2024-11-01 15:59,
1,2024-11-01 17:03,
1,2024-11-01 01:23,
1,2024-11-01 02:26,
1,2024-11-01 19:18,
1,2024-11-02 21:39,
1,2024-11-02 11:53,
1,2024-11-02 18:40,
1,2024-11-02 09:55,
1,2024-11-02 14:09,
1,2024-11-02 06:41,
1,2024-11-02 09:17,
1,2024-11-02 05:00,
1,2024-11-02 06:16,
1,2024-11-02 01:59,
1,2024-11-03 04:07,
1,2024-11-03 20:05,
1,2024-11-03 19:40,
1,2024-11-03 12:49,
1,2024-11-03 07:44,
1,2024-11-03 04:40,
1,2024-11-03 00:50,
1,2024-11-03 07:36,
1,2024-11-04 06:56,
1,2024-11-04 04:21,
1,2024-11-04 22:36,
1,2024-11-04 02:53,
1,2024-11-04 07:13,
1,2024-11-04 22:30,
1,2024-11-04 21:32,
1,2024-11-04 18:35,
1,2024-11-04 03:05,
1,2024-11-04 13:27,
1,2024-11-05 14:13,
1,2024-11-05 19:22,
1,2024-11-05 18:20,
1,2024-11-05 08:49,
1,2024-11-05 07:31,
1,2024-11-05 19:37,
1,2024-11-06 09:21,
1,2024-11-06 17:50,
1,2024-11-06 19:49,
1,2024-11-06 11:36,
1,2024-11-06 01:25,
1,2024-11-06 10:52,
1,2024-11-06 01:09,
1,2024-11-06 11:45,
1,2024-11-06 20:51,
1,2024-11-06 21:34,
1,2024-11-07 05:47,
1,2024-11-07 00:55,
1,2024-11-07 22:57,
1,2024-11-07 00:40,
1,2024-11-07 20:05,
1,2024-11-07 00:14,
1,2024-11-07 12:14,
1,2024-11-07 11:21,
1,2024-11-08 13:07,
1,2024-11-08 11:16,
1,2024-11-08 02:29,
1,2024-11-08 20:06,
1,2024-11-08 12:23,
1,2024-11-08 22:07,
1,2024-11-08 20:33,
1,2024-11-09 23:21,
1,2024-11-09 10:48,
1,2024-11-09 18:19,
1,2024-11-09 01:33,
1,2024-11-09 14:47,
1,2024-11-09 05:03,
1,2024-11-09 18:43,
1,2024-11-09 08:03,
1,2024-11-09 19:16,
1,2024-11-10 22:24,
1,2024-11-10 08:28,
1,2024-11-10 01:02,
1,2024-11-10 22:08,
1,2024-11-10 18:07,
1,2024-11-10 20:43,
1,2024-11-10 08:18,
1,2024-11-10 08:16,
1,2024-11-10 22:17,
1,2024-11-11 08:30,
1,2024-11-11 11:52,
1,2024-11-11 01:30,
1,2024-11-11 11:45,
1,2024-11-11 16:17,
1,2024-11-11 09:22,
1,2024-11-12 18:04,
1,2024-11-12 13:28,
1,2024-11-12 01:49,
1,2024-11-12 23:42,
1,2024-11-12 12:39,
1,2024-11-12 16:46,
1,2024-11-12 18:31,
1,2024-11-13 08:40,
1,2024-11-13 06:29,
1,2024-11-13 17:03,
1,2024-11-13 22:56,
1,2024-11-13 03:00,
1,2024-11-13 13:17,
1,2024-11-13 03:35,
1,2024-11-14 00:51,
1,2024-11-14 11:07,
1,2024-11-14 06:28,
1,2024-11-14 19:59,
1,2024-11-14 21:53,
1,2024-11-14 10:48,
1,2024-11-15 02:10,
1,2024-11-15 13:59,
1,2024-11-15 01:54,
1,2024-11-15 03:30,
1,2024-11-15 11:05,
1,2024-11-15 10:28,
1,2024-11-15 19:01,
1,2024-11-15 15:13,
1,2024-11-16 19:11,
1,2024-11-16 20:10,
1,2024-11-16 06:54,
1,2024-11-16 16:39,
1,2024-11-16 03:44,
1,2024-11-16 20:21,
1,2024-11-16 15:59,
1,2024-11-17 04:25,
1,2024-11-17 21:46,
1,2024-11-17 02:41,
1,2024-11-17 15:03,
1,2024-11-17 08:06,
1,2024-11-17 19:18,
1,2024-11-17 10:25,
1,2024-11-17 08:11,
1,2024-11-17 08:16,
1,2024-11-17 11:22,
1,2024-11-18 07:37,
1,2024-11-18 00:56,
1,2024-11-18 11:52,
1,2024-11-18 09:17,
1,2024-11-18 16:57,
1,2024-11-18 04:13,
1,2024-11-18 06:00,
1,2024-11-18 22:04,
1,2024-11-18 19:27,
1,2024-11-18 06:12,
1,2024-11-19 09:26,
1,2024-11-19 21:30,
1,2024-11-19 02:06,
1,2024-11-19 03:08,
1,2024-11-19 19:22,
1,2024-11-19 07:25,
1,2024-11-19 16:07,
1,2024-11-20 10:36,
1,2024-11-20 18:19,
1,2024-11-20 14:20,
1,2024-11-20 21:46,
1,2024-11-20 16:00,
1,2024-11-20 00:27,
1,2024-11-20 13:51,
1,2024-11-20 05:00,
1,2024-11-20 23:26,
1,2024-11-21 18:02,
1,2024-11-21 04:12,
1,2024-11-21 13:24,
1,2024-11-21 01:17,
1,2024-11-21 10:04,
1,2024-11-21 20:38,
1,2024-11-22 11:25,
1,2024-11-22 06:57,
1,2024-11-22 09:47,
1,2024-11-22 14:50,
1,2024-11-22 06:18,
1,2024-11-22 10:30,
1,2024-11-22 22:01,
1,2024-11-23 19:09,
1,2024-11-23 15:56,
1,2024-11-23 06:20,
1,2024-11-23 07:49,
1,2024-11-23 03:27,
1,2024-11-23 11:21,
1,2024-11-23 02:57,
1,2024-11-24 05:40,
1,2024-11-24 15:14,
1,2024-11-24 13:33,
1,2024-11-24 10:54,
1,2024-11-24 02:06,
1,2024-11-24 17:12,
1,2024-11-24 16:33,
1,2024-11-25 15:51,
1,2024-11-25 11:37,
1,2024-11-25 05:23,
1,2024-11-25 10:12,
1,2024-11-25 12:59,
1,2024-11-25 09:03,
1,2024-11-25 20:56,
1,2024-11-25 14:53,
1,2024-11-25 00:24,
1,2024-11-25 05:37,
1,2024-11-26 20:23,
1,2024-11-26 18:04,
1,2024-11-26 14:16,
1,2024-11-26 07:28,
1,2024-11-26 14:57,
1,2024-11-26 14:20,
1,2024-11-27 05:24,
1,2024-11-27 06:09,
1,2024-11-27 06:46,
1,2024-11-27 07:41,
1,2024-11-27 08:20,
1,2024-11-27 03:39,
1,2024-11-27 20:34,
1,2024-11-27 06:09,
1,2024-11-28 01:30,
1,2024-11-28 02:56,
1,2024-11-28 19:36,
1,2024-11-28 03:45,
1,2024-11-28 12:41,
1,2024-11-28 19:13,
1,2024-11-28 22:15,
1,2024-11-28 19:06,
1,2024-11-29 08:53,
1,2024-11-29 23:45,
1,2024-11-29 19:54,
1,2024-11-29 21:12,
1,2024-11-29 13:33,
1,2024-11-29 18:01,
1,2024-11-30 20:30,
1,2024-11-30 11:53,
1,2024-11-30 01:08,
1,2024-11-30 05:35,
1,2024-11-30 15:13,
1,2024-11-30 08:05,
1,2024-11-30 22:25,
1,2024-11-30 16:08,
1,2024-11-30 16:28,
1,2024-11-30 06:21,
1,2024-12-01 11:50,
1,2024-12-01 04:08,
1,2024-12-01 03:13,
1,2024-12-01 04:15,
1,2024-12-01 23:18,
1,2024-12-01 17:28,
1,2024-12-02 06:17,
1,2024-12-02 22:09,
1,2024-12-02 20:59,
1,2024-12-02 23:22,
1,2024-12-02 22:14,
1,2024-12-02 07:20,
1,2024-12-02 12:43,
1,2024-12-02 14:30,
1,2024-12-02 12:24,
1,2024-12-03 14:17,
1,2024-12-03 18:54,
1,2024-12-03 14:53,
1,2024-12-03 05:23,
1,2024-12-03 19:44,
1,2024-12-03 02:10,
1,2024-12-04 20:38,
1,2024-12-04 21:24,
1,2024-12-04 22:48,
1,2024-12-04 01:19,
1,2024-12-04 12:48,
1,2024-12-04 15:58,
1,2024-12-04 18:30,
1,2024-12-04 02:45,
1,2024-12-05 23:40,
1,2024-12-05 12:31,
1,2024-12-05 18:30,
1,2024-12-05 19:38,
1,2024-12-05 02:07,
1,2024-12-05 15:49,
1,2024-12-06 05:30,
1,2024-12-06 12:51,
1,2024-12-06 05:51,
1,2024-12-06 04:43,
1,2024-12-06 08:15,
1,2024-12-06 22:42,
1,2024-12-06 04:52,
1,2024-12-06 16:03,
1,2024-12-07 18:30,
1,2024-12-07 08:10,
1,2024-12-07 09:04,
1,2024-12-07 07:48,
1,2024-12-07 13:57,
1,2024-12-07 05:52,
1,2024-12-08 15:17,
1,2024-12-08 20:31,
1,2024-12-08 04:27,
1,2024-12-08 11:29,
1,2024-12-08 07:57,
1,2024-12-08 16:44,
1,2024-12-08 06:02,
1,2024-12-08 20:18,
1,2024-12-08 19:33,
1,2024-12-08 17:01,
1,2024-12-09 12:22,
1,2024-12-09 17:26,
1,2024-12-09 10:38,
1,2024-12-09 10:35,
1,2024-12-09 09:46,
1,2024-12-09 16:36,
1,2024-12-10 01:42,
1,2024-12-10 05:46,
1,2024-12-10 13:58,
1,2024-12-10 10:41,
1,2024-12-10 09:19,
1,2024-12-10 19:56,
1,2024-12-10 10:11,
1,2024-12-10 23:06,
1,2024-12-10 23:52,
1,2024-12-10 15:47,
1,2024-12-11 07:04,
1,2024-12-11 00:43,
1,2024-12-11 10:42,
1,2024-12-11 05:28,
1,2024-12-11 12:56,
1,2024-12-11 14:30,
1,2024-12-11 20:53,
1,2024-12-11 01:25,
1,2024-12-11 10:56,
1,2024-12-12 19:49,
1,2024-12-12 07:49,
1,2024-12-12 17:24,
1,2024-12-12 21:52,
1,2024-12-12 15:57,
1,2024-12-12 07:54,
1,2024-12-12 06:44,
1,2024-12-12 20:57,
1,2024-12-13 20:34,
1,2024-12-13 19:53,
1,2024-12-13 04:43,
1,2024-12-13 16:10,
1,2024-12-13 07:18,
1,2024-12-13 08:06,
1,2024-12-14 16:11,
1,2024-12-14 07:42,
1,2024-12-14 00:45,
1,2024-12-14 12:46,
1,2024-12-14 20:35,
1,2024-12-14 11:48,
1,2024-12-14 01:18,
1,2024-12-14 10:55,
1,2024-12-15 07:14,
1,2024-12-15 01:14,
1,2024-12-15 04:53,
1,2024-12-15 17:12,
1,2024-12-15 15:43,
1,2024-12-15 12:46,
1,2024-12-15 10:31,
1,2024-12-15 11:23,
1,2024-12-16 15:05,
1,2024-12-16 00:16,
1,2024-12-16 15:19,
1,2024-12-16 03:57,
1,2024-12-16 17:30,
1,2024-12-16 21:17,
1,2024-12-16 01:18,
1,2024-12-16 01:42,
1,2024-12-16 14:44,
1,2024-12-17 03:45,
1,2024-12-17 04:24,
1,2024-12-17 18:24,
1,2024-12-17 12:33,
1,2024-12-17 09:53,
1,2024-12-17 05:06,
1,2024-12-17 20:53,
1,2024-12-17 20:58,
1,2024-12-17 00:21,
1,2024-12-18 14:48,
1,2024-12-18 08:30,
1,2024-12-18 19:41,
1,2024-12-18 23:16,
1,2024-12-18 05:35,
1,2024-12-18 22:35,
1,2024-12-18 19:17,
1,2024-12-18 14:51,
1,2024-12-19 08:18,
1,2024-12-19 21:30,
1,2024-12-19 11:15,
1,2024-12-19 05:44,
1,2024-12-19 16:15,
1,2024-12-19 17:36,
1,2024-12-20 08:45,
1,2024-12-20 03:34,
1,2024-12-20 03:47,
1,2024-12-20 01:40,
1,2024-12-20 20:39,
1,2024-12-20 18:25,
1,2024-12-20 12:04,
1,2024-12-20 03:17,
1,2024-12-20 15:24,
1,2024-12-21 13:52,
1,2024-12-21 22:21,
1,2024-12-21 11:04,
1,2024-12-21 22:18,
1,2024-12-21 02:03,
1,2024-12-21 12:58,
1,2024-12-21 17:13,
1,2024-12-21 12:01,
1,2024-12-22 12:04,
1,2024-12-22 03:12,
1,2024-12-22 11:18,
1,2024-12-22 18:02,
1,2024-12-22 23:39,
1,2024-12-22 18:53,
1,2024-12-22 08:38,
1,2024-12-22 11:30,
1,2024-12-23 11:18,
1,2024-12-23 19:36,
1,2024-12-23 00:18,
1,2024-12-23 17:37,
1,2024-12-23 12:16,
1,2024-12-23 15:11,
1,2024-12-23 10:58,
1,2024-12-24 06:12,
1,2024-12-24 17:03,
1,2024-12-24 00:04,
1,2024-12-24 15:14,
1,2024-12-24 21:27,
1,2024-12-24 12:34,
1,2024-12-24 06:44,
1,2024-12-24 22:19,
1,2024-12-24 05:04,
1,2024-12-25 07:12,
1,2024-12-25 16:27,
1,2024-12-25 23:58,
1,2024-12-25 07:51,
1,2024-12-25 08:11,
1,2024-12-25 11:29,
1,2024-12-25 12:38,
1,2024-12-25 17:31,
1,2024-12-25 21:36,
1,2024-12-26 10:12,
1,2024-12-26 13:42,
1,2024-12-26 11:50,
1,2024-12-26 07:08,
1,2024-12-26 18:36,
1,2024-12-26 22:50,
1,2024-12-26 20:33,
1,2024-12-27 23:17,
1,2024-12-27 12:35,
1,2024-12-27 16:22,
1,2024-12-27 10:20,
1,2024-12-27 07:39,
1,2024-12-27 16:03,
1,2024-12-27 10:55,
1,2024-12-28 23:54,
1,2024-12-28 11:11,
1,2024-12-28 03:25,
1,2024-12-28 09:17,
1,2024-12-28 12:22,
1,2024-12-28 10:47,
1,2024-12-28 10:54,
1,2024-12-28 11:24,
1,2024-12-29 06:36,
1,2024-12-29 18:24,
1,2024-12-29 22:22,
1,2024-12-29 13:26,
1,2024-12-29 15:53,
1,2024-12-29 01:30,
1,2024-12-30 11:54,
1,2024-12-30 13:20,
1,2024-12-30 18:20,
1,2024-12-30 03:47,
1,2024-12-30 01:25,
1,2024-12-30 15:40,
1,2024-12-30 14:48,
1,2024-12-31 16:01,
1,2024-12-31 03:58,
1,2024-12-31 14:03,
1,2024-12-31 21:09,
1,2024-12-31 05:46,
1,2024-12-31 04:27,
1,2024-12-31 03:01,
1,2024-12-31 20:08,
1,2025-01-01 02:23,
1,2025-01-01 06:49,
1,2025-01-01 02:00,
1,2025-01-01 12:32,
1,2025-01-01 00:45,
1,2025-01-01 02:08,
1,2025-01-01 05:43,
1,2025-01-01 07:22,
1,2025-01-01 22:55,
1,2025-01-01 12:12,
1,2025-01-02 23:06,
1,2025-01-02 09:34,
1,2025-01-02 23:37,
1,2025-01-02 00:58,
1,2025-01-02 15:43,
1,2025-01-02 07:20,
1,2025-01-03 17:55,
1,2025-01-03 20:57,
1,2025-01-03 10:27,
1,2025-01-03 23:34,
1,2025-01-03 02:15,
1,2025-01-03 18:23,
1,2025-01-03 06:32,
1,2025-01-03 23:40,
1,2025-01-03 06:20,
1,2025-01-04 09:28,
1,2025-01-04 11:20,
1,2025-01-04 02:38,
1,2025-01-04 13:27,
1,2025-01-04 18:43,
1,2025-01-04 21:50,
1,2025-01-04 01:58,
1,2025-01-04 03:46,
1,2025-01-05 22:42,
1,2025-01-05 20:05,
1,2025-01-05 02:53,
1,2025-01-05 15:49,
1,2025-01-05 11:03,
1,2025-01-05 21:45,
1,2025-01-06 10:47,
1,2025-01-06 22:33,
1,2025-01-06 11:33,
1,2025-01-06 02:50,
1,2025-01-06 09:01,
1,2025-01-06 20:07,
1,2025-01-06 22:44,
1,2025-01-06 09:19,
1,2025-01-07 09:34,
1,2025-01-07 19:12,
1,2025-01-07 05:53,
1,2025-01-07 23:58,
1,2025-01-07 15:15,
1,2025-01-07 04:57,
1,2025-01-07 07:09,
1,2025-01-07 09:18,
1,2025-01-07 06:08,
1,2025-01-07 20:11,
1,2025-01-08 18:34,
1,2025-01-08 13:08,
1,2025-01-08 06:56,
1,2025-01-08 17:00,
1,2025-01-08 19:45,
1,2025-01-08 20:44,
1,2025-01-08 11:22,
1,2025-01-09 13:52,
1,2025-01-09 15:47,
1,2025-01-09 19:13,
1,2025-01-09 22:53,
1,2025-01-09 18:34,
1,2025-01-09 12:51,
1,2025-01-09 02:32,
1,2025-01-10 20:14,
1,2025-01-10 04:53,
1,2025-01-10 02:00,
1,2025-01-10 13:37,
1,2025-01-10 10:38,
1,2025-01-10 22:06,
1,2025-01-10 22:09,
1,2025-01-10 15:01,
1,2025-01-10 13:02,
1,2025-01-11 06:56,
1,2025-01-11 13:01,
1,2025-01-11 09:05,
1,2025-01-11 02:33,
1,2025-01-11 07:49,
1,2025-01-11 04:03,
1,2025-01-11 03:21,
1,2025-01-11 20:47,
1,2025-01-11 00:32,
1,2025-01-12 02:53,
1,2025-01-12 06:21,
1,2025-01-12 07:31,
1,2025-01-12 11:39,
1,2025-01-12 02:54,
1,2025-01-12 19:40,
1,2025-01-12 18:42,
1,2025-01-12 00:49,
1,2025-01-12 01:23,
1,2025-01-12 21:39,
1,2025-01-13 09:53,
1,2025-01-13 20:35,
1,2025-01-13 23:41,
1,2025-01-13 13:35,
1,2025-01-13 06:05,
1,2025-01-13 02:49,
1,2025-01-13 07:42,
1,2025-01-14 08:58,
1,2025-01-14 21:13,
1,2025-01-14 00:18,
1,2025-01-14 11:08,
1,2025-01-14 18:51,
1,2025-01-14 19:11,
1,2025-01-15 07:12,
1,2025-01-15 22:16,
1,2025-01-15 19:43,
1,2025-01-15 13:01,
1,2025-01-15 04:23,
1,2025-01-15 02:40,
1,2025-01-16 01:22,
1,2025-01-16 12:32,
1,2025-01-16 06:16,
1,2025-01-16 00:18,
1,2025-01-16 03:30,
1,2025-01-16 11:07,
1,2025-01-16 14:13,
1,2025-01-17 04:40,
1,2025-01-17 16:38,
1,2025-01-17 15:45,
1,2025-01-17 07:32,
1,2025-01-17 20:33,
1,2025-01-17 09:33,
1,2025-01-17 05:10,
1,2025-01-17 00:48,
1,2025-01-17 03:27,
1,2025-01-18 01:21,
1,2025-01-18 23:30,
1,2025-01-18 06:10,
1,2025-01-18 17:18,
1,2025-01-18 03:09,
1,2025-01-18 22:12,
1,2025-01-19 12:20,
1,2025-01-19 14:47,
1,2025-01-19 11:16,
1,2025-01-19 11:19,
1,2025-01-19 13:25,
1,2025-01-19 09:30,
1,2025-01-19 12:17,
1,2025-01-19 01:43,
1,2025-01-20 18:10,
1,2025-01-20 08:43,
1,2025-01-20 16:12,
1,2025-01-20 03:48,
1,2025-01-20 05:43,
1,2025-01-20 07:51,
1,2025-01-20 11:36,
1,2025-01-20 15:03,
1,2025-01-20 17:14,
1,2025-01-21 12:05,
1,2025-01-21 01:29,
1,2025-01-21 20:17,
1,2025-01-21 10:15,
1,2025-01-21 11:18,
1,2025-01-21 14:33,
1,2025-01-21 06:50,
1,2025-01-21 12:40,
1,2025-01-22 02:09,
1,2025-01-22 01:36,
1,2025-01-22 03:28,
1,2025-01-22 00:56,
1,2025-01-22 11:32,
1,2025-01-22 15:00,
1,2025-01-22 17:55,
1,2025-01-22 01:04,
1,2025-01-22 04:00,
1,2025-01-22 13:55,
1,2025-01-23 09:07,
1,2025-01-23 02:42,
1,2025-01-23 08:26,
1,2025-01-23 16:13,
1,2025-01-23 19:17,
1,2025-01-23 06:17,
1,2025-01-23 05:59,
1,2025-01-23 03:30,
1,2025-01-23 06:21,
1,2025-01-24 14:34,
1,2025-01-24 14:54,
1,2025-01-24 13:08,
1,2025-01-24 12:02,
1,2025-01-24 08:59,
1,2025-01-24 07:38,
1,2025-01-24 11:08,
1,2025-01-24 23:26,
1,2025-01-24 06:55,
1,2025-01-24 06:36,
1,2025-01-25 11:17,
1,2025-01-25 05:02,
1,2025-01-25 18:59,
1,2025-01-25 05:42,
1,2025-01-25 10:59,
1,2025-01-25 12:43,
1,2025-01-26 09:33,
1,2025-01-26 07:06,
1,2025-01-26 12:57,
1,2025-01-26 08:54,
1,2025-01-26 18:04,
1,2025-01-26 04:35,
1,2025-01-26 08:14,
1,2025-01-26 16:57,
1,2025-01-26 00:35,
1,2025-01-26 18:29,
1,2025-01-27 13:13,
1,2025-01-27 12:23,
1,2025-01-27 03:18,
1,2025-01-27 18:14,
1,2025-01-27 11:38,
1,2025-01-27 06:53,
1,2025-01-27 14:54,
1,2025-01-27 02:08,
1,2025-01-27 11:56,
1,2025-01-28 10:16,
1,2025-01-28 22:45,
1,2025-01-28 11:46,
1,2025-01-28 12:22,
1,2025-01-28 03:06,
1,2025-01-28 13:07,
1,2025-01-28 03:29,
1,2025-01-28 19:25,
1,2025-01-29 15:41,
1,2025-01-29 22:43,
1,2025-01-29 05:41,
1,2025-01-29 22:21,
1,2025-01-29 07:17,
1,2025-01-29 19:08,
1,2025-01-30 10:35,
1,2025-01-30 05:43,
1,2025-01-30 09:46,
1,2025-01-30 10:54,
1,2025-01-30 11:04,
1,2025-01-30 06:17,
1,2025-01-30 09:12,
1,2025-01-31 18:36,
1,2025-01-31 00:34,
1,2025-01-31 02:42,
1,2025-01-31 18:41,
1,2025-01-31 21:21,
1,2025-01-31 05:40,
1,2025-01-31 12:23,
1,2025-01-31 15:52,
1,2025-01-31 19:03,
1,2025-01-31 00:15,
1,2025-02-01 15:26,
1,2025-02-01 00:11,
1,2025-02-01 07:23,
1,2025-02-01 14:49,
1,2025-02-01 19:53,
1,2025-02-01 22:22,
1,2025-02-01 04:16,
1,2025-02-01 05:31,
1,2025-02-01 00:56,
1,2025-02-01 03:13,
1,2025-02-02 01:38,
1,2025-02-02 22:33,
1,2025-02-02 04:26,
1,2025-02-02 06:33,
1,2025-02-02 10:25,
1,2025-02-02 06:32,
1,2025-02-02 07:18,
1,2025-02-03 07:30,
1,2025-02-03 01:50,
1,2025-02-03 06:03,
1,2025-02-03 06:30,
1,2025-02-03 04:44,
1,2025-02-03 01:27,
1,2025-02-03 23:02,
1,2025-02-04 11:26,
1,2025-02-04 12:18,
1,2025-02-04 13:50,
1,2025-02-04 07:51,
1,2025-02-04 06:35,
1,2025-02-04 13:35,
1,2025-02-04 16:14,
1,2025-02-05 15:17,
1,2025-02-05 18:35,
1,2025-02-05 22:42,
1,2025-02-05 16:15,
1,2025-02-05 23:08,
1,2025-02-05 00:19,
1,2025-02-06 08:58,
1,2025-02-06 12:28,
1,2025-02-06 02:56,
1,2025-02-06 18:42,
1,2025-02-06 19:29,
1,2025-02-06 00:43,
1,2025-02-06 11:00,
1,2025-02-06 10:09,
1,2025-02-07 21:26,
1,2025-02-07 01:03,
1,2025-02-07 18:05,
1,2025-02-07 08:42,
1,2025-02-07 21:56,
1,2025-02-07 20:38,
1,2025-02-08 05:55,
1,2025-02-08 20:24,
1,2025-02-08 21:37,
1,2025-02-08 10:44,
1,2025-02-08 18:16,
1,2025-02-08 02:16,
1,2025-02-09 11:23,
1,2025-02-09 04:58,
1,2025-02-09 21:17,
1,2025-02-09 14:30,
1,2025-02-09 23:37,
1,2025-02-09 12:29,
1,2025-02-09 01:12,
1,2025-02-09 20:54,
1,2025-02-10 19:22,
1,2025-02-10 01:01,
1,2025-02-10 22:05,
1,2025-02-10 11:15,
1,2025-02-10 10:33,
1,2025-02-10 01:43,
1,2025-02-10 04:11,
1,2025-02-10 16:31,
1,2025-02-10 17:55,
1,2025-02-11 16:47,
1,2025-02-11 20:01,
1,2025-02-11 21:17,
1,2025-02-11 10:13,
1,2025-02-11 15:36,
1,2025-02-11 19:29,
1,2025-02-11 00:00,
1,2025-02-11 02:32,
1,2025-02-11 19:33,
1,2025-02-11 21:31,
1,2025-02-12 15:11,
1,2025-02-12 07:39,
1,2025-02-12 04:45,
1,2025-02-12 23:43,
1,2025-02-12 06:53,
1,2025-02-12 09:31,
1,2025-02-13 16:11,
1,2025-02-13 20:25,
1,2025-02-13 06:21,
1,2025-02-13 05:44,
1,2025-02-13 14:15,
1,2025-02-13 21:38,
1,2025-02-13 01:46,
1,2025-02-13 20:11,
1,2025-02-14 09:14,
1,2025-02-14 09:03,
1,2025-02-14 05:31,
1,2025-02-14 09:26,
1,2025-02-14 08:47,
1,2025-02-14 04:40,
1,2025-02-15 13:38,
1,2025-02-15 06:13,
1,2025-02-15 13:03,
1,2025-02-15 20:28,
1,2025-02-15 04:20,
1,2025-02-15 08:32,
1,2025-02-15 17:25,
1,2025-02-16 09:52,
1,2025-02-16 11:37,
1,2025-02-16 16:54,
1,2025-02-16 11:21,
1,2025-02-16 23:38,
1,2025-02-16 02:13,
1,2025-02-16 07:19,
1,2025-02-16 03:11,
1,2025-02-16 16:16,
1,2025-02-17 07:55,
1,2025-02-17 07:00,
1,2025-02-17 18:31,
1,2025-02-17 18:32,
1,2025-02-17 00:42,
1,2025-02-17 14:33,
1,2025-02-17 15:07,
1,2025-02-17 19:27,
1,2025-02-17 06:23,
1,2025-02-18 01:50,
1,2025-02-18 16:02,
1,2025-02-18 11:05,
1,2025-02-18 05:38,
1,2025-02-18 15:53,
1,2025-02-18 20:18,
1,2025-02-18 15:04,
1,2025-02-18 12:10,
1,2025-02-18 05:41,
1,2025-02-19 23:13,
1,2025-02-19 20:05,
1,2025-02-19 02:59,
1,2025-02-19 20:38,
1,2025-02-19 19:43,
1,2025-02-19 07:00,
1,2025-02-19 14:26,
1,2025-02-19 17:13,
1,2025-02-19 21:44,
1,2025-02-19 15:15,
1,2025-02-20 07:42,
1,2025-02-20 20:03,
1,2025-02-20 14:11,
1,2025-02-20 20:17,
1,2025-02-20 05:58,
1,2025-02-20 10:58,
1,2025-02-20 13:01,
1,2025-02-20 15:18,
1,2025-02-21 10:29,
1,2025-02-21 05:28,
1,2025-02-21 04:42,
1,2025-02-21 11:51,
1,2025-02-21 17:54,
1,2025-02-21 07:40,
1,2025-02-21 07:31,
1,2025-02-22 22:20,
1,2025-02-22 22:32,
1,2025-02-22 21:19,
1,2025-02-22 22:29,
1,2025-02-22 14:31,
1,2025-02-22 11:24,
1,2025-02-22 18:56,
1,2025-02-22 00:49,
1,2025-02-23 02:34,
1,2025-02-23 00:52,
1,2025-02-23 11:04,
1,2025-02-23 16:08,
1,2025-02-23 15:32,
1,2025-02-23 18:50,
1,2025-02-23 17:17,
1,2025-02-23 23:15,
1,2025-02-23 02:26,
1,2025-02-24 12:35,
1,2025-02-24 01:35,
1,2025-02-24 18:24,
1,2025-02-24 03:47,
1,2025-02-24 01:23,
1,2025-02-24 05:43,
1,2025-02-24 00:15,
1,2025-02-24 10:44,
1,2025-02-24 09:01,
1,2025-02-25 21:59,
1,2025-02-25 06:34,
1,2025-02-25 11:20,
1,2025-02-25 17:22,
1,2025-02-25 09:25,
1,2025-02-25 02:42,
1,2025-02-26 14:35,
1,2025-02-26 17:40,
1,2025-02-26 09:14,
1,2025-02-26 21:32,
1,2025-02-26 13:57,
1,2025-02-26 00:11,
1,2025-02-26 02:01,
1,2025-02-26 16:02,
1,2025-02-26 05:38,
1,2025-02-27 12:44,
1,2025-02-27 22:05,
1,2025-02-27 18:25,
1,2025-02-27 01:07,
1,2025-02-27 03:57,
1,2025-02-27 21:53,
1,2025-02-27 07:54,
1,2025-02-27 09:23,
1,2025-02-27 16:24,
1,2025-02-27 22:37,
1,2025-02-28 02:15,
1,2025-02-28 18:22,
1,2025-02-28 01:07,
1,2025-02-28 14:00,
1,2025-02-28 08:38,
1,2025-02-28 18:23,
1,2025-02-28 21:22,
1,2025-02-28 09:50,
1,2025-03-01 05:51,
1,2025-03-01 23:51,
1,2025-03-01 02:57,
1,2025-03-01 22:42,
1,2025-03-01 02:39,
1,2025-03-01 13:42,
1,2025-03-01 06:05,
1,2025-03-02 19:10,
1,2025-03-02 02:22,
1,2025-03-02 19:49,
1,2025-03-02 00:57,
1,2025-03-02 05:44,
1,2025-03-02 01:59,
1,2025-03-02 22:00,
1,2025-03-02 10:51,
1,2025-03-02 15:09,
1,2025-03-03 23:53,
1,2025-03-03 02:08,
1,2025-03-03 15:09,
1,2025-03-03 10:20,
1,2025-03-03 10:32,
1,2025-03-03 22:09,
1,2025-03-03 12:14,
1,2025-03-03 12:49,
1,2025-03-03 03:48,
1,2025-03-04 10:34,
1,2025-03-04 22:32,
1,2025-03-04 03:25,
1,2025-03-04 03:04,
1,2025-03-04 17:54,
1,2025-03-04 23:40,
1,2025-03-04 05:01,
1,2025-03-05 16:53,
1,2025-03-05 19:56,
1,2025-03-05 06:40,
1,2025-03-05 15:06,
1,2025-03-05 11:24,
1,2025-03-05 05:21,
1,2025-03-05 22:29,
1,2025-03-06 10:01,
1,2025-03-06 06:17,
1,2025-03-06 01:29,
1,2025-03-06 12:32,
1,2025-03-06 10:36,
1,2025-03-06 11:50,
1,2025-03-06 19:03,
1,2025-03-07 17:55,
1,2025-03-07 13:16,
1,2025-03-07 15:17,
1,2025-03-07 02:43,
1,2025-03-07 13:13,
1,2025-03-07 22:24,
1,2025-03-07 16:39,
1,2025-03-07 11:40,
1,2025-03-07 04:46,
1,2025-03-07 04:57,
1,2025-03-08 12:42,
1,2025-03-08 11:55,
1,2025-03-08 11:05,
1,2025-03-08 17:25,
1,2025-03-08 06:04,
1,2025-03-08 06:38,
1,2025-03-08 22:04,
1,2025-03-08 22:15,
1,2025-03-08 16:02,
1,2025-03-08 10:56,
1,2025-03-09 23:58,
1,2025-03-09 22:10,
1,2025-03-09 18:29,
1,2025-03-09 23:39,
1,2025-03-09 10:30,
1,2025-03-09 05:20,
1,2025-03-10 15:23,
1,2025-03-10 05:18,
1,2025-03-10 00:13,
1,2025-03-10 14:24,
1,2025-03-10 23:18,
1,2025-03-10 14:11,
1,2025-03-11 06:46,
1,2025-03-11 08:48,
1,2025-03-11 14:17,
1,2025-03-11 17:29,
1,2025-03-11 12:52,
1,2025-03-11 13:04,
1,2025-03-12 12:25,
1,2025-03-12 04:07,
1,2025-03-12 03:31,
1,2025-03-12 00:35,
1,2025-03-12 04:36,
1,2025-03-12 05:12,
1,2025-03-12 06:43,
1,2025-03-12 05:20,
1,2025-03-12 03:52,
1,2025-03-12 08:14,
1,2025-03-13 09:09,
1,2025-03-13 15:38,
1,2025-03-13 21:05,
1,2025-03-13 15:48,
1,2025-03-13 23:46,
1,2025-03-13 15:39,
1,2025-03-14 07:20,
1,2025-03-14 22:02,
1,2025-03-14 13:50,
1,2025-03-14 21:54,
1,2025-03-14 14:46,
1,2025-03-14 03:17,
1,2025-03-14 09:39,
1,2025-03-15 03:08,
1,2025-03-15 20:01,
1,2025-03-15 07:58,
1,2025-03-15 20:12,
1,2025-03-15 03:46,
1,2025-03-15 05:05,
1,2025-03-16 14:52,
1,2025-03-16 12:16,
1,2025-03-16 16:54,
1,2025-03-16 03:13,
1,2025-03-16 19:58,
1,2025-03-16 17:34,
1,2025-03-16 23:17,
1,2025-03-16 17:24,
1,2025-03-17 12:35,
1,2025-03-17 11:27,
1,2025-03-17 11:29,
1,2025-03-17 11:25,
1,2025-03-17 15:01,
1,2025-03-17 22:50,
1,2025-03-17 10:43,
1,2025-03-17 07:19,
1,2025-03-17 12:14,
1,2025-03-17 06:41,
1,2025-03-18 18:04,
1,2025-03-18 12:57,
1,2025-03-18 01:58,
1,2025-03-18 00:03,
1,2025-03-18 11:56,
1,2025-03-18 00:19,
1,2025-03-18 15:15,
1,2025-03-18 15:18,
1,2025-03-18 23:27,
1,2025-03-19 20:00,
1,2025-03-19 06:36,
1,2025-03-19 21:47,
1,2025-03-19 01:24,
1,2025-03-19 18:29,
1,2025-03-19 04:29,
1,2025-03-19 08:52,
1,2025-03-19 21:37,
1,2025-03-19 22:17,
1,2025-03-20 19:19,
1,2025-03-20 11:32,
1,2025-03-20 22:22,
1,2025-03-20 17:08,
1,2025-03-20 23:40,
1,2025-03-20 07:40,
1,2025-03-20 14:06,
1,2025-03-20 14:00,
1,2025-03-20 12:44,
1,2025-03-20 19:57,
1,2025-03-21 20:18,
1,2025-03-21 13:40,
1,2025-03-21 13:42,
1,2025-03-21 08:37,
1,2025-03-21 11:54,
1,2025-03-21 20:43,
1,2025-03-21 12:45,
1,2025-03-21 17:42,
1,2025-03-22 13:22,
1,2025-03-22 13:42,
1,2025-03-22 12:09,
1,2025-03-22 03:03,
1,2025-03-22 21:04,
1,2025-03-22 10:41,
1,2025-03-23 06:49,
1,2025-03-23 13:19,
1,2025-03-23 03:25,
1,2025-03-23 05:48,
1,2025-03-23 08:41,
1,2025-03-23 15:56,
1,2025-03-24 05:10,
1,2025-03-24 12:57,
1,2025-03-24 01:46,
1,2025-03-24 15:11,
1,2025-03-24 18:10,
1,2025-03-24 02:41,
1,2025-03-24 09:29,
1,2025-03-25 04:50,
1,2025-03-25 05:17,
1,2025-03-25 23:44,
1,2025-03-25 08:47,
1,2025-03-25 08:32,
1,2025-03-25 20:17,
1,2025-03-26 00:41,
1,2025-03-26 19:23,
1,2025-03-26 02:57,
1,2025-03-26 16:57,
1,2025-03-26 06:10,
1,2025-03-26 02:00,
1,2025-03-26 00:49,
1,2025-03-26 10:01,
1,2025-03-26 20:26,
1,2025-03-27 10:57,
1,2025-03-27 20:24,
1,2025-03-27 19:38,
1,2025-03-27 16:42,
1,2025-03-27 18:15,
1,2025-03-27 07:46,
1,2025-03-27 16:55,
1,2025-03-27 03:38,
1,2025-03-27 19:56,
1,2025-03-28 07:06,
1,2025-03-28 05:45,
1,2025-03-28 12:52,
1,2025-03-28 05:16,
1,2025-03-28 16:49,
1,2025-03-28 20:37,
1,2025-03-28 22:49,
1,2025-03-28 05:10,
1,2025-03-29 21:52,
1,2025-03-29 12:40,
1,2025-03-29 02:04,
1,2025-03-29 06:02,
1,2025-03-29 22:55,
1,2025-03-29 04:59,
1,2025-03-29 03:18,
1,2025-03-30 18:13,
1,2025-03-30 09:22,
1,2025-03-30 22:43,
1,2025-03-30 11:56,
1,2025-03-30 10:22,
1,2025-03-30 08:37,
1,2025-03-30 11:06,
1,2025-03-30 21:10,
1,2025-03-31 22:22,
1,2025-03-31 23:38,
1,2025-03-31 11:06,
1,2025-03-31 09:38,
1,2025-03-31 01:13,
1,2025-03-31 09:58,
1,2025-03-31 01:45,
1,2025-03-31 13:11,
1,2025-03-31 11:20,
1,2025-03-31 10:45,
1,2025-04-01 04:58,
1,2025-04-01 05:17,
1,2025-04-01 19:07,
1,2025-04-01 15:40,
1,2025-04-01 16:35,
1,2025-04-01 06:24,
1,2025-04-01 22:37,
1,2025-04-01 01:40,
1,2025-04-02 00:54,
1,2025-04-02 09:29,
1,2025-04-02 17:17,
1,2025-04-02 07:27,
1,2025-04-02 16:32,
1,2025-04-02 21:38,
1,2025-04-02 11:17,
1,2025-04-02 15:12,
1,2025-04-02 19:20,
1,2025-04-02 06:18,
1,2025-04-03 09:49,
1,2025-04-03 14:00,
1,2025-04-03 05:44,
1,2025-04-03 15:39,
1,2025-04-03 06:50,
1,2025-04-03 08:49,
1,2025-04-03 09:23,
1,2025-04-04 21:41,
1,2025-04-04 19:39,
1,2025-04-04 03:48,
1,2025-04-04 10:41,
1,2025-04-04 14:02,
1,2025-04-04 16:07,
1,2025-04-04 20:56,
1,2025-04-04 07:08,
1,2025-04-04 15:39,
1,2025-04-05 09:21,
1,2025-04-05 16:03,
1,2025-04-05 01:29,
1,2025-04-05 02:19,
1,2025-04-05 15:04,
1,2025-04-05 16:52,
1,2025-04-05 07:41,
1,2025-04-05 01:03,
1,2025-04-05 22:24,
1,2025-04-06 17:46,
1,2025-04-06 08:44,
1,2025-04-06 07:14,
1,2025-04-06 04:46,
1,2025-04-06 05:13,
1,2025-04-06 12:24,
1,2025-04-06 05:06,
1,2025-04-06 19:37,
1,2025-04-06 11:40,
1,2025-04-06 11:21,
1,2025-04-07 07:46,
1,2025-04-07 06:48,
1,2025-04-07 00:24,
1,2025-04-07 03:56,
1,2025-04-07 10:09,
1,2025-04-07 23:38,
1,2025-04-07 10:29,
1,2025-04-08 10:11,
1,2025-04-08 23:24,
1,2025-04-08 00:10,
1,2025-04-08 15:27,
1,2025-04-08 02:47,
1,2025-04-08 05:48,
1,2025-04-08 15:26,
1,2025-04-09 17:06,
1,2025-04-09 20:25,
1,2025-04-09 10:21,
1,2025-04-09 20:04,
1,2025-04-09 04:58,
1,2025-04-09 01:03,
1,2025-04-09 13:41,
1,2025-04-09 17:46,
1,2025-04-09 17:57,
1,2025-04-09 20:03,
1,2025-04-10 02:00,
1,2025-04-10 22:31,
1,2025-04-10 13:03,
1,2025-04-10 10:02,
1,2025-04-10 03:24,
1,2025-04-10 22:56,
1,2025-04-10 10:40,
1,2025-04-10 03:35,
1,2025-04-10 09:58,
1,2025-04-11 23:27,
1,2025-04-11 11:13,
1,2025-04-11 12:43,
1,2025-04-11 07:07,
1,2025-04-11 07:41,
1,2025-04-11 01:12,
1,2025-04-11 17:59,
1,2025-04-11 21:39,
1,2025-04-11 05:32,
1,2025-04-11 20:47,
1,2025-04-12 00:12,
1,2025-04-12 03:52,
1,2025-04-12 03:28,
1,2025-04-12 19:34,
1,2025-04-12 13:40,
1,2025-04-12 05:59,
1,2025-04-12 11:34,
1,2025-04-12 19:34,
1,2025-04-12 15:20,
1,2025-04-13 16:54,
1,2025-04-13 05:55,
1,2025-04-13 14:42,
1,2025-04-13 15:05,
1,2025-04-13 23:15,
1,2025-04-13 07:25,
1,2025-04-14 08:58,
1,2025-04-14 22:22,
1,2025-04-14 21:44,
1,2025-04-14 01:38,
1,2025-04-14 03:41,
1,2025-04-14 18:26,
1,2025-04-14 00:19,
1,2025-04-14 03:48,
1,2025-04-14 03:50,
1,2025-04-15 07:32,
1,2025-04-15 07:07,
1,2025-04-15 08:51,
1,2025-04-15 08:09,
1,2025-04-15 07:30,
1,2025-04-15 07:48,
1,2025-04-15 19:56,
1,2025-04-15 22:10,
1,2025-04-16 22:29,
1,2025-04-16 14:44,
1,2025-04-16 03:22,
1,2025-04-16 01:48,
1,2025-04-16 17:42,
1,2025-04-16 10:55,
1,2025-04-16 19:49,
1,2025-04-17 23:50,
1,2025-04-17 22:47,
1,2025-04-17 03:51,
1,2025-04-17 04:54,
1,2025-04-17 13:58,
1,2025-04-17 00:38,
1,2025-04-17 17:47,
1,2025-04-17 20:54,
1,2025-04-17 23:07,
1,2025-04-17 11:56,
1,2025-04-18 05:30,
1,2025-04-18 16:33,
1,2025-04-18 10:19,
1,2025-04-18 07:57,
1,2025-04-18 18:32,
1,2025-04-18 23:12,
1,2025-04-18 01:00,
1,2025-04-19 11:35,
1,2025-04-19 14:27,
1,2025-04-19 12:07,
1,2025-04-19 22:56,
1,2025-04-19 11:47,
1,2025-04-19 21:23,
1,2025-04-19 05:03,
1,2025-04-19 22:45,
1,2025-04-20 23:49,
1,2025-04-20 11:39,
1,2025-04-20 21:22,
1,2025-04-20 21:45,
1,2025-04-20 14:27,
1,2025-04-20 23:47,
1,2025-04-20 21:02,
1,2025-04-20 06:22,
1,2025-04-21 06:55,
1,2025-04-21 18:59,
1,2025-04-21 08:11,
1,2025-04-21 05:15,
1,2025-04-21 23:47,
1,2025-04-21 19:01,
1,2025-04-22 15:36,
1,2025-04-22 01:42,
1,2025-04-22 15:04,
1,2025-04-22 14:26,
1,2025-04-22 15:22,
1,2025-04-22 20:49,
1,2025-04-23 10:15,
1,2025-04-23 11:12,
1,2025-04-23 23:30,
1,2025-04-23 11:17,
1,2025-04-23 03:53,
1,2025-04-23 06:40,
1,2025-04-23 06:21,
1,2025-04-23 06:35,
1,2025-04-24 20:16,
1,2025-04-24 21:20,
1,2025-04-24 03:06,
1,2025-04-24 13:48,
1,2025-04-24 15:39,
1,2025-04-24 00:44,
1,2025-04-24 16:32,
1,2025-04-24 09:10,
1,2025-04-24 12:09,
1,2025-04-24 02:25,
1,2025-04-25 01:31,
1,2025-04-25 08:23,
1,2025-04-25 03:05,
1,2025-04-25 19:22,
1,2025-04-25 01:47,
1,2025-04-25 03:47,
1,2025-04-25 18:36,
1,2025-04-26 05:38,
1,2025-04-26 14:30,
1,2025-04-26 17:46,
1,2025-04-26 22:47,
1,2025-04-26 08:36,
1,2025-04-26 09:25,
1,2025-04-26 00:56,
1,2025-04-26 11:18,
1,2025-04-27 19:12,
1,2025-04-27 14:46,
1,2025-04-27 00:41,
1,2025-04-27 21:45,
1,2025-04-27 16:49,
1,2025-04-27 01:30,
1,2025-04-27 17:17,
1,2025-04-27 21:29,
1,2025-04-27 18:41,
1,2025-04-28 00:43,
1,2025-04-28 13:58,
1,2025-04-28 16:42,
1,2025-04-28 08:30,
1,2025-04-28 22:54,
1,2025-04-28 22:35,
1,2025-04-28 15:45,
1,2025-04-28 23:30,
1,2025-04-28 11:34,
1,2025-04-29 16:43,
1,2025-04-29 07:08,
1,2025-04-29 10:41,
1,2025-04-29 10:58,
1,2025-04-29 00:14,
1,2025-04-29 13:45,
1,2025-04-29 05:34,
1,2025-04-30 11:43,
1,2025-04-30 06:56,
1,2025-04-30 22:41,
1,2025-04-30 14:49,
1,2025-04-30 12:12,
1,2025-04-30 09:50,
1,2025-04-30 19:29,
1,2025-04-30 01:29,
1,2025-04-30 01:01,
1,2025-04-30 18:01,
1,2025-05-01 02:24,
1,2025-05-01 01:47,
1,2025-05-01 00:01,
1,2025-05-01 01:29,
1,2025-05-01 17:53,
1,2025-05-01 22:54,
1,2025-05-01 05:39,
1,2025-05-02 01:07,
1,2025-05-02 14:18,
1,2025-05-02 07:08,
1,2025-05-02 04:22,
1,2025-05-02 12:09,
1,2025-05-02 04:26,
1,2025-05-02 08:09,
1,2025-05-02 07:29,
1,2025-05-02 13:08,
1,2025-05-03 02:48,
1,2025-05-03 04:14,
1,2025-05-03 13:23,
1,2025-05-03 03:18,
1,2025-05-03 17:07,
1,2025-05-03 20:51,
1,2025-05-03 05:07,
1,2025-05-03 01:39,
1,2025-05-04 18:55,
1,2025-05-04 07:47,
1,2025-05-04 15:47,
1,2025-05-04 17:05,
1,2025-05-04 09:58,
1,2025-05-04 04:32,
1,2025-05-04 19:28,
1,2025-05-05 22:01,
1,2025-05-05 17:27,
1,2025-05-05 20:50,
1,2025-05-05 01:13,
1,2025-05-05 18:07,
1,2025-05-05 05:39,
1,2025-05-05 10:02,
1,2025-05-05 18:05,
1,2025-05-05 00:01,
1,2025-05-06 03:37,
1,2025-05-06 12:27,
1,2025-05-06 03:10,
1,2025-05-06 02:43,
1,2025-05-06 17:19,
1,2025-05-06 11:12,
1,2025-05-06 09:50,
1,2025-05-06 06:30,
1,2025-05-06 05:34,
1,2025-05-06 03:27,
1,2025-05-07 05:59,
1,2025-05-07 14:22,
1,2025-05-07 07:24,
1,2025-05-07 14:24,
1,2025-05-07 23:14,
1,2025-05-07 04:50,
1,2025-05-07 04:43,
1,2025-05-07 00:07,
1,2025-05-07 04:02,
1,2025-05-08 02:33,
1,2025-05-08 17:45,
1,2025-05-08 17:10,
1,2025-05-08 20:58,
1,2025-05-08 04:09,
1,2025-05-08 16:41,
1,2025-05-09 06:31,
1,2025-05-09 14:03,
1,2025-05-09 05:12,
1,2025-05-09 06:46,
1,2025-05-09 02:11,
1,2025-05-09 02:35,
1,2025-05-10 17:11,
1,2025-05-10 01:41,
1,2025-05-10 01:48,
1,2025-05-10 17:40,
1,2025-05-10 01:44,
1,2025-05-10 16:45,
1,2025-05-10 14:24,
1,2025-05-10 16:52,
1,2025-05-10 18:38,
1,2025-05-11 13:12,
1,2025-05-11 23:14,
1,2025-05-11 02:35,
1,2025-05-11 07:22,
1,2025-05-11 18:25,
1,2025-05-11 10:34,
1,2025-05-11 10:33,
1,2025-05-12 16:36,
1,2025-05-12 05:02,
1,2025-05-12 23:13,
1,2025-05-12 03:50,
1,2025-05-12 12:00,
1,2025-05-12 22:01,
1,2025-05-12 15:13,
1,2025-05-12 08:18,
1,2025-05-13 06:33,
1,2025-05-13 04:48,
1,2025-05-13 16:55,
1,2025-05-13 05:09,
1,2025-05-13 05:54,
1,2025-05-13 14:04,
1,2025-05-13 15:38,
1,2025-05-14 17:18,
1,2025-05-14 15:09,
1,2025-05-14 00:14,
1,2025-05-14 03:05,
1,2025-05-14 17:26,
1,2025-05-14 14:03,
1,2025-05-14 05:33,
1,2025-05-14 18:20,
1,2025-05-14 19:26,
1,2025-05-14 06:12,
1,2025-05-15 13:56,
1,2025-05-15 11:43,
1,2025-05-15 16:13,
1,2025-05-15 05:24,
1,2025-05-15 02:17,
1,2025-05-15 11:22,
1,2025-05-16 04:13,
1,2025-05-16 23:15,
1,2025-05-16 22:04,
1,2025-05-16 11:27,
1,2025-05-16 10:46,
1,2025-05-16 19:27,
1,2025-05-16 00:19,
1,2025-05-17 16:37,
1,2025-05-17 09:55,
1,2025-05-17 03:44,
1,2025-05-17 03:46,
1,2025-05-17 03:03,
1,2025-05-17 21:56,
1,2025-05-17 19:11,
1,2025-05-17 17:17,
1,2025-05-17 23:21,
1,2025-05-17 22:35,
1,2025-05-18 19:21,
1,2025-05-18 03:12,
1,2025-05-18 06:49,
1,2025-05-18 12:37,
1,2025-05-18 10:37,
1,2025-05-18 23:11,
1,2025-05-19 00:06,
1,2025-05-19 19:13,
1,2025-05-19 14:58,
1,2025-05-19 18:53,
1,2025-05-19 17:46,
1,2025-05-19 14:34,
1,2025-05-20 18:45,
1,2025-05-20 12:17,
1,2025-05-20 13:45,
1,2025-05-20 14:40,
1,2025-05-20 08:45,
1,2025-05-20 17:13,
1,2025-05-20 07:46,
1,2025-05-20 04:10,
1,2025-05-20 13:27,
1,2025-05-21 22:30,
1,2025-05-21 09:59,
1,2025-05-21 02:10,
1,2025-05-21 01:25,
1,2025-05-21 00:15,
1,2025-05-21 12:32,
1,2025-05-21 09:17,
1,2025-05-21 11:23,
1,2025-05-21 07:22,
1,2025-05-21 07:55,
1,2025-05-22 21:54,
1,2025-05-22 04:35,
1,2025-05-22 19:31,
1,2025-05-22 06:51,
1,2025-05-22 22:11,
1,2025-05-22 09:54,
1,2025-05-23 03:49,
1,2025-05-23 00:29,
1,2025-05-23 22:46,
1,2025-05-23 21:08,
1,2025-05-23 18:31,
1,2025-05-23 12:33,
1,2025-05-24 02:26,
1,2025-05-24 12:52,
1,2025-05-24 10:50,
1,2025-05-24 10:00,
1,2025-05-24 16:56,
1,2025-05-24 10:31,
1,2025-05-24 03:27,
1,2025-05-24 06:36,
1,2025-05-24 20:04,
1,2025-05-25 14:34,
1,2025-05-25 16:39,
1,2025-05-25 17:10,
1,2025-05-25 01:49,
1,2025-05-25 06:26,
1,2025-05-25 08:35,
1,2025-05-25 14:03,
1,2025-05-26 19:10,
1,2025-05-26 17:36,
1,2025-05-26 22:40,
1,2025-05-26 14:26,
1,2025-05-26 16:40,
1,2025-05-26 01:02,
1,2025-05-26 03:35,
1,2025-05-26 23:21,
1,2025-05-27 04:20,
1,2025-05-27 06:45,
1,2025-05-27 05:25,
1,2025-05-27 01:12,
1,2025-05-27 10:15,
1,2025-05-27 12:04,
1,2025-05-27 15:01,
1,2025-05-27 18:16,
1,2025-05-27 16:57,
1,2025-05-27 07:10,
1,2025-05-28 15:35,
1,2025-05-28 07:46,
1,2025-05-28 06:11,
1,2025-05-28 04:35,
1,2025-05-28 06:19,
1,2025-05-28 20:14,
1,2025-05-28 04:57,
1,2025-05-28 12:57,
1,2025-05-29 05:21,
1,2025-05-29 14:14,
1,2025-05-29 02:07,
1,2025-05-29 04:17,
1,2025-05-29 10:14,
1,2025-05-29 23:59,
1,2025-05-29 09:23,
1,2025-05-29 16:15,
1,2025-05-29 03:01,
1,2025-05-30 23:16,
1,2025-05-30 12:31,
1,2025-05-30 06:23,
1,2025-05-30 21:39,
1,2025-05-30 12:53,
1,2025-05-30 02:00,
1,2025-05-30 05:29,
1,2025-05-30 11:07,
1,2025-05-30 15:38,
1,2025-05-31 16:25,
1,2025-05-31 23:51,
1,2025-05-31 08:57,
1,2025-05-31 18:40,
1,2025-05-31 18:49,
1,2025-05-31 03:29,
1,2025-05-31 04:22,
1,2025-05-31 21:38,
1,2025-06-01 00:14,
1,2025-06-01 04:09,
1,2025-06-01 01:07,
1,2025-06-01 17:28,
1,2025-06-01 13:14,
1,2025-06-01 15:51,
1,2025-06-01 02:36,
1,2025-06-01 07:26,
1,2025-06-01 08:56,
1,2025-06-02 22:56,
1,2025-06-02 22:39,
1,2025-06-02 06:18,
1,2025-06-02 01:48,
1,2025-06-02 21:01,
1,2025-06-02 03:31,
1,2025-06-02 17:05,
1,2025-06-02 23:12,
1,2025-06-02 15:39,
1,2025-06-03 04:16,
1,2025-06-03 17:37,
1,2025-06-03 13:15,
1,2025-06-03 06:40,
1,2025-06-03 13:01,
1,2025-06-03 15:14,
1,2025-06-03 17:18,
1,2025-06-03 07:54,
1,2025-06-03 12:01,
1,2025-06-03 02:38,
1,2025-06-04 01:30,
1,2025-06-04 10:04,
1,2025-06-04 13:31,
1,2025-06-04 14:34,
1,2025-06-04 00:55,
1,2025-06-04 22:11,
1,2025-06-04 06:06,
1,2025-06-05 17:48,
1,2025-06-05 22:57,
1,2025-06-05 01:50,
1,2025-06-05 13:50,
1,2025-06-05 15:19,
1,2025-06-05 23:16,
1,2025-06-05 03:42,
1,2025-06-05 23:32,
1,2025-06-06 05:47,
1,2025-06-06 01:07,
1,2025-06-06 04:28,
1,2025-06-06 06:12,
1,2025-06-06 03:26,
1,2025-06-06 16:59,
1,2025-06-06 13:58,
1,2025-06-06 06:18,
1,2025-06-07 23:24,
1,2025-06-07 23:19,
1,2025-06-07 21:11,
1,2025-06-07 00:44,
1,2025-06-07 04:10,
1,2025-06-07 10:34,
1,2025-06-07 09:47,
1,2025-06-08 01:01,
1,2025-06-08 20:24,
1,2025-06-08 13:08,
1,2025-06-08 09:01,
1,2025-06-08 18:52,
1,2025-06-08 11:52,
1,2025-06-09 12:18,
1,2025-06-09 01:11,
1,2025-06-09 12:57,
1,2025-06-09 20:24,
1,2025-06-09 05:15,
1,2025-06-09 17:46,
1,2025-06-09 05:30,
1,2025-06-09 17:32,
1,2025-06-10 18:08,
1,2025-06-10 03:28,
1,2025-06-10 01:41,
1,2025-06-10 08:19,
1,2025-06-10 09:57,
1,2025-06-10 21:21,
1,2025-06-10 02:30,
1,2025-06-10 12:36,
1,2025-06-10 19:04,
1,2025-06-11 14:59,
1,2025-06-11 01:36,
1,2025-06-11 04:58,
1,2025-06-11 11:42,
1,2025-06-11 05:42,
1,2025-06-11 21:46,
1,2025-06-11 19:02,
1,2025-06-11 07:10,
1,2025-06-11 12:46,
1,2025-06-12 17:49,
1,2025-06-12 15:28,
1,2025-06-12 22:02,
1,2025-06-12 05:59,
1,2025-06-12 16:32,
1,2025-06-12 11:11,
1,2025-06-12 22:50,
1,2025-06-12 17:58,
1,2025-06-12 09:15,
1,2025-06-12 11:47,
1,2025-06-13 03:08,
1,2025-06-13 22:22,
1,2025-06-13 14:57,
1,2025-06-13 02:28,
1,2025-06-13 00:54,
1,2025-06-13 02:59,
1,2025-06-14 02:25,
1,2025-06-14 02:58,
1,2025-06-14 11:19,
1,2025-06-14 05:45,
1,2025-06-14 23:26,
1,2025-06-14 20:30,
1,2025-06-15 14:39,
1,2025-06-15 01:50,
1,2025-06-15 05:38,
1,2025-06-15 02:46,
1,2025-06-15 05:22,
1,2025-06-15 12:49,
1,2025-06-15 13:39,
1,2025-06-15 23:41,
1,2025-06-16 08:49,
1,2025-06-16 23:14,
1,2025-06-16 22:30,
1,2025-06-16 12:30,
1,2025-06-16 03:14,
1,2025-06-16 13:39,
1,2025-06-17 02:00,
1,2025-06-17 00:00,
1,2025-06-17 13:15,
1,2025-06-17 00:58,
1,2025-06-17 18:59,
1,2025-06-17 23:50,
1,2025-06-18 05:19,
1,2025-06-18 21:52,
1,2025-06-18 04:15,
1,2025-06-18 16:23,
1,2025-06-18 23:21,
1,2025-06-18 17:42,
1,2025-06-18 18:21,
1,2025-06-19 12:13,
1,2025-06-19 14:37,
1,2025-06-19 02:06,
1,2025-06-19 01:59,
1,2025-06-19 13:45,
1,2025-06-19 14:55,
1,2025-06-20 12:00,
1,2025-06-20 13:36,
1,2025-06-20 16:57,
1,2025-06-20 13:11,
1,2025-06-20 07:47,
1,2025-06-20 12:54,
1,2025-06-20 09:14,
1,2025-06-20 04:02,
1,2025-06-20 18:09,
1,2025-06-21 04:05,
1,2025-06-21 19:20,
1,2025-06-21 10:38,
1,2025-06-21 06:20,
1,2025-06-21 12:19,
1,2025-06-21 12:40,
1,2025-06-21 17:50,
1,2025-06-21 14:52,
1,2025-06-22 20:49,
1,2025-06-22 14:44,
1,2025-06-22 04:25,
1,2025-06-22 21:22,
1,2025-06-22 18:26,
1,2025-06-22 11:09,
1,2025-06-23 18:39,
1,2025-06-23 03:24,
1,2025-06-23 20:28,
1,2025-06-23 12:23,
1,2025-06-23 23:14,
1,2025-06-23 13:17,
1,2025-06-23 08:02,
1,2025-06-23 00:39,
1,2025-06-23 15:49,
1,2025-06-23 17:24,
1,2025-06-24 11:52,
1,2025-06-24 06:27,
1,2025-06-24 11:45,
1,2025-06-24 06:01,
1,2025-06-24 18:02,
1,2025-06-24 17:21,
1,2025-06-24 16:16,
1,2025-06-25 11:00,
1,2025-06-25 04:02,
1,2025-06-25 14:43,
1,2025-06-25 09:04,
1,2025-06-25 08:10,
1,2025-06-25 06:21,
1,2025-06-25 23:09,
1,2025-06-25 03:29,
1,2025-06-25 16:46,
1,2025-06-25 23:27,
1,2025-06-26 17:49,
1,2025-06-26 20:50,
1,2025-06-26 10:48,
1,2025-06-26 15:07,
1,2025-06-26 11:42,
1,2025-06-26 03:23,
1,2025-06-26 19:58,
1,2025-06-27 12:57,
1,2025-06-27 06:08,
1,2025-06-27 14:30,
1,2025-06-27 21:07,
1,2025-06-27 04:47,
1,2025-06-27 10:42,
1,2025-06-27 04:57,
1,2025-06-27 21:32,
1,2025-06-27 16:29,
1,2025-06-28 05:12,
1,2025-06-28 10:20,
1,2025-06-28 22:32,
1,2025-06-28 08:02,
1,2025-06-28 02:01,
1,2025-06-28 23:36,
1,2025-06-28 10:11,
1,2025-06-28 13:36,
1,2025-06-28 06:26,
1,2025-06-28 12:32,
1,2025-06-29 10:51,
1,2025-06-29 12:37,
1,2025-06-29 08:55,
1,2025-06-29 21:56,
1,2025-06-29 17:34,
1,2025-06-29 17:33,
1,2025-06-29 12:01,
1,2025-06-29 18:44,
1,2025-06-29 23:09,
1,2025-06-29 06:53,
1,2025-06-30 16:35,
1,2025-06-30 12:42,
1,2025-06-30 18:32,
1,2025-06-30 11:58,
1,2025-06-30 14:44,
1,2025-06-30 06:44,
1,2025-07-01 02:44,
1,2025-07-01 14:47,
1,2025-07-01 07:43,
1,2025-07-01 15:53,
1,2025-07-01 12:55,
1,2025-07-01 05:47,
1,2025-07-01 12:52,
1,2025-07-01 01:05,
1,2025-07-02 23:18,
1,2025-07-02 02:36,
1,2025-07-02 23:42,
1,2025-07-02 02:02,
1,2025-07-02 01:08,
1,2025-07-02 04:18,
1,2025-07-02 03:28,
1,2025-07-03 05:02,
1,2025-07-03 16:42,
1,2025-07-03 00:54,
1,2025-07-03 00:25,
1,2025-07-03 17:13,
1,2025-07-03 06:15,
1,2025-07-03 14:52,
1,2025-07-04 04:35,
1,2025-07-04 02:02,
1,2025-07-04 00:01,
1,2025-07-04 21:44,
1,2025-07-04 00:19,
1,2025-07-04 11:00,
1,2025-07-05 05:56,
1,2025-07-05 01:54,
1,2025-07-05 00:04,
1,2025-07-05 22:05,
1,2025-07-05 22:02,
1,2025-07-05 03:22,
1,2025-07-06 00:35,
1,2025-07-06 07:08,
1,2025-07-06 02:57,
1,2025-07-06 13:24,
1,2025-07-06 07:10,
1,2025-07-06 03:41,
1,2025-07-07 21:56,
1,2025-07-07 23:15,
1,2025-07-07 17:04,
1,2025-07-07 14:11,
1,2025-07-07 03:20,
1,2025-07-07 18:08,
1,2025-07-08 01:11,
1,2025-07-08 01:12,
1,2025-07-08 08:11,
1,2025-07-08 05:44,
1,2025-07-08 06:31,
1,2025-07-08 17:30,
1,2025-07-08 16:38,
1,2025-07-09 07:42,
1,2025-07-09 21:08,
1,2025-07-09 03:37,
1,2025-07-09 12:42,
1,2025-07-09 20:31,
1,2025-07-09 12:13,
1,2025-07-10 18:04,
1,2025-07-10 16:31,
1,2025-07-10 08:26,
1,2025-07-10 15:56,
1,2025-07-10 05:01,
1,2025-07-10 14:06,
1,2025-07-10 22:28,
1,2025-07-10 05:29,
1,2025-07-11 18:03,
1,2025-07-11 08:12,
1,2025-07-11 05:16,
1,2025-07-11 05:44,
1,2025-07-11 05:50,
1,2025-07-11 22:44,
1,2025-07-12 00:07,
1,2025-07-12 11:54,
1,2025-07-12 04:31,
1,2025-07-12 15:28,
1,2025-07-12 16:29,
1,2025-07-12 07:28,
1,2025-07-12 10:20,
1,2025-07-12 09:35,
1,2025-07-13 07:48,
1,2025-07-13 00:53,
1,2025-07-13 22:01,
1,2025-07-13 12:08,
1,2025-07-13 03:54,
1,2025-07-13 16:52,
1,2025-07-14 18:05,
1,2025-07-14 17:43,
1,2025-07-14 21:59,
1,2025-07-14 12:12,
1,2025-07-14 01:10,
1,2025-07-14 20:47,
1,2025-07-14 12:14,
1,2025-07-14 12:31,
1,2025-07-15 14:29,
1,2025-07-15 22:21,
1,2025-07-15 17:03,
1,2025-07-15 20:48,
1,2025-07-15 22:47,
1,2025-07-15 06:32,
1,2025-07-15 23:37,
1,2025-07-15 04:18,
1,2025-07-15 12:58,
1,2025-07-16 18:41,
1,2025-07-16 13:22,
1,2025-07-16 09:42,
1,2025-07-16 04:07,
1,2025-07-16 02:53,
1,2025-07-16 21:24,
1,2025-07-16 17:51,
1,2025-07-16 09:10,
1,2025-07-16 01:05,
1,2025-07-16 07:43,
1,2025-07-17 11:05,
1,2025-07-17 10:28,
1,2025-07-17 18:47,
1,2025-07-17 06:35,
1,2025-07-17 06:03,
1,2025-07-17 22:02,
1,2025-07-17 16:56,
1,2025-07-17 12:41,
1,2025-07-18 05:55,
1,2025-07-18 11:44,
1,2025-07-18 15:09,
1,2025-07-18 19:32,
1,2025-07-18 17:37,
1,2025-07-18 22:50,
1,2025-07-19 05:14,
1,2025-07-19 17:37,
1,2025-07-19 16:27,
1,2025-07-19 15:08,
1,2025-07-19 04:06,
1,2025-07-19 00:23,
1,2025-07-19 23:23,
1,2025-07-19 03:04,
1,2025-07-20 04:14,
1,2025-07-20 12:01,
1,2025-07-20 22:53,
1,2025-07-20 07:11,
1,2025-07-20 17:54,
1,2025-07-20 14:10,
1,2025-07-20 11:43,
1,2025-07-20 20:40,
1,2025-07-20 15:31,
1,2025-07-21 01:05,
1,2025-07-21 16:29,
1,2025-07-21 07:42,
1,2025-07-21 15:48,
1,2025-07-21 05:00,
1,2025-07-21 05:27,
1,2025-07-21 20:31,
1,2025-07-21 01:12,
1,2025-07-21 22:02,
1,2025-07-22 19:36,
1,2025-07-22 22:23,
1,2025-07-22 21:21,
1,2025-07-22 12:50,
1,2025-07-22 16:59,
1,2025-07-22 04:20,
1,2025-07-22 00:16,
1,2025-07-22 06:32,
1,2025-07-22 19:22,
1,2025-07-22 06:22,
1,2025-07-23 02:49,
1,2025-07-23 10:50,
1,2025-07-23 04:00,
1,2025-07-23 22:40,
1,2025-07-23 23:04,
1,2025-07-23 17:19,
1,2025-07-23 04:31,
1,2025-07-23 21:28,
1,2025-07-23 05:33,
1,2025-07-23 18:59,
1,2025-07-24 18:19,
1,2025-07-24 11:17,
1,2025-07-24 05:32,
1,2025-07-24 16:50,
1,2025-07-24 00:58,
1,2025-07-24 02:03,
1,2025-07-24 20:24,
1,2025-07-24 02:46,
1,2025-07-24 15:15,
1,2025-07-25 05:08,
1,2025-07-25 22:51,
1,2025-07-25 06:46,
1,2025-07-25 01:55,
1,2025-07-25 20:57,
1,2025-07-25 16:09,
1,2025-07-25 08:46,
1,2025-07-25 04:12,
1,2025-07-25 16:48,
1,2025-07-25 10:55,
1,2025-07-26 06:04,
1,2025-07-26 02:01,
1,2025-07-26 10:27,
1,2025-07-26 08:06,
1,2025-07-26 07:19,
1,2025-07-26 04:57,
1,2025-07-26 08:29,
1,2025-07-26 03:06,
1,2025-07-26 10:51,
1,2025-07-27 10:52,
1,2025-07-27 14:13,
1,2025-07-27 18:17,
1,2025-07-27 06:41,
1,2025-07-27 14:38,
1,2025-07-27 11:03,
1,2025-07-28 21:09,
1,2025-07-28 02:13,
1,2025-07-28 19:27,
1,2025-07-28 13:47,
1,2025-07-28 19:40,
1,2025-07-28 21:51,
1,2025-07-28 07:06,
1,2025-07-28 12:12,
1,2025-07-28 03:39,
1,2025-07-29 19:28,
1,2025-07-29 02:57,
1,2025-07-29 00:56,
1,2025-07-29 05:06,
1,2025-07-29 18:18,
1,2025-07-29 08:47,
1,2025-07-30 22:59,
1,2025-07-30 00:35,
1,2025-07-30 05:49,
1,2025-07-30 16:46,
1,2025-07-30 05:23,
1,2025-07-30 22:15,
1,2025-07-30 07:55,
1,2025-07-30 00:30,
1,2025-07-31 08:29,
1,2025-07-31 04:14,
1,2025-07-31 14:40,
1,2025-07-31 08:02,
1,2025-07-31 04:36,
1,2025-07-31 20:07,
1,2025-07-31 09:17,
1,2025-07-31 09:21,
1,2025-07-31 00:03,
1,2025-07-31 01:02,
1,2025-08-01 20:41,
1,2025-08-01 23:19,
1,2025-08-01 10:07,
1,2025-08-01 22:10,
1,2025-08-01 06:37,
1,2025-08-01 05:33,
1,2025-08-01 08:22,
1,2025-08-01 20:38,
1,2025-08-01 07:03,
1,2025-08-01 01:24,
1,2025-08-02 16:02,
1,2025-08-02 00:09,
1,2025-08-02 15:55,
1,2025-08-02 20:29,
1,2025-08-02 22:49,
1,2025-08-02 04:20,
1,2025-08-02 15:43,
1,2025-08-02 07:25,
1,2025-08-02 03:59,
1,2025-08-02 06:57,
1,2025-08-03 23:01,
1,2025-08-03 04:54,
1,2025-08-03 03:23,
1,2025-08-03 16:15,
1,2025-08-03 17:11,
1,2025-08-03 10:39,
1,2025-08-03 01:20,
1,2025-08-04 20:24,
1,2025-08-04 07:32,
1,2025-08-04 04:12,
1,2025-08-04 18:58,
1,2025-08-04 05:01,
1,2025-08-04 15:05,
1,2025-08-04 13:16,
1,2025-08-04 15:50,
1,2025-08-05 15:52,
1,2025-08-05 10:21,
1,2025-08-05 23:13,
1,2025-08-05 20:34,
1,2025-08-05 18:32,
1,2025-08-05 20:38,
1,2025-08-06 09:30,
1,2025-08-06 22:17,
1,2025-08-06 07:20,
1,2025-08-06 11:59,
1,2025-08-06 07:29,
1,2025-08-06 17:47,
1,2025-08-06 19:26,
1,2025-08-06 11:11,
1,2025-08-06 21:09,
1,2025-08-07 13:46,
1,2025-08-07 15:30,
1,2025-08-07 15:45,
1,2025-08-07 18:15,
1,2025-08-07 12:00,
1,2025-08-07 22:51,
1,2025-08-07 22:32,
1,2025-08-07 07:59,
1,2025-08-08 01:27,
1,2025-08-08 18:25,
1,2025-08-08 14:35,
1,2025-08-08 23:36,
1,2025-08-08 04:23,
1,2025-08-08 00:25,
1,2025-08-08 19:37,
1,2025-08-08 21:29,
1,2025-08-09 21:46,
1,2025-08-09 12:08,
1,2025-08-09 14:00,
1,2025-08-09 03:35,
1,2025-08-09 17:22,
1,2025-08-09 10:59,
1,2025-08-09 08:06,
1,2025-08-09 14:06,
1,2025-08-09 09:57,
1,2025-08-09 05:51,
1,2025-08-10 12:11,
1,2025-08-10 00:48,
1,2025-08-10 01:05,
1,2025-08-10 13:23,
1,2025-08-10 00:31,
1,2025-08-10 12:38,
1,2025-08-10 07:12,
1,2025-08-10 21:31,
1,2025-08-10 06:40,
1,2025-08-11 02:23,
1,2025-08-11 00:55,
1,2025-08-11 19:48,
1,2025-08-11 23:27,
1,2025-08-11 12:34,
1,2025-08-11 02:20,
1,2025-08-11 05:56,
1,2025-08-11 21:38,
1,2025-08-11 22:50,
1,2025-08-11 13:50,
1,2025-08-12 04:22,
1,2025-08-12 22:07,
1,2025-08-12 15:22,
1,2025-08-12 02:20,
1,2025-08-12 01:50,
1,2025-08-12 09:51,
1,2025-08-12 11:20,
1,2025-08-12 09:47,
1,2025-08-12 18:59,
1,2025-08-12 13:58,
1,2025-08-13 06:50,
1,2025-08-13 01:18,
1,2025-08-13 22:42,
1,2025-08-13 09:35,
1,2025-08-13 21:24,
1,2025-08-13 23:16,
1,2025-08-13 17:55,
1,2025-08-13 12:38,
1,2025-08-14 20:48,
1,2025-08-14 00:20,
1,2025-08-14 18:04,
1,2025-08-14 11:15,
1,2025-08-14 02:16,
1,2025-08-14 20:24,
1,2025-08-15 01:44,
1,2025-08-15 05:59,
1,2025-08-15 09:31,
1,2025-08-15 11:19,
1,2025-08-15 03:35,
1,2025-08-15 03:35,
1,2025-08-15 23:37,
1,2025-08-15 07:44,
1,2025-08-15 23:32,
1,2025-08-15 10:24,
1,2025-08-16 02:10,
1,2025-08-16 20:31,
1,2025-08-16 13:56,
1,2025-08-16 22:20,
1,2025-08-16 20:39,
1,2025-08-16 04:54,
1,2025-08-16 23:33,
1,2025-08-17 19:20,
1,2025-08-17 11:25,
1,2025-08-17 04:52,
1,2025-08-17 06:58,
1,2025-08-17 13:12,
1,2025-08-17 06:25,
1,2025-08-18 15:19,
1,2025-08-18 08:40,
1,2025-08-18 01:18,
1,2025-08-18 18:28,
1,2025-08-18 16:36,
1,2025-08-18 18:24,
1,2025-08-18 22:28,
1,2025-08-18 03:55,
1,2025-08-18 08:19,
1,2025-08-18 01:07,
1,2025-08-19 06:23,
1,2025-08-19 06:52,
1,2025-08-19 00:54,
1,2025-08-19 10:20,
1,2025-08-19 15:05,
1,2025-08-19 00:18,
1,2025-08-20 20:54,
1,2025-08-20 10:44,
1,2025-08-20 15:16,
1,2025-08-20 13:33,
1,2025-08-20 16:08,
1,2025-08-20 15:45,
1,2025-08-20 19:55,
1,2025-08-20 10:02,
1,2025-08-20 07:30,
1,2025-08-20 21:47,
1,2025-08-21 01:59,
1,2025-08-21 20:02,
1,2025-08-21 14:11,
1,2025-08-21 07:06,
1,2025-08-21 17:03,
1,2025-08-21 10:57,
1,2025-08-21 22:28,
1,2025-08-22 09:58,
1,2025-08-22 16:01,
1,2025-08-22 07:56,
1,2025-08-22 13:16,
1,2025-08-22 10:58,
1,2025-08-22 20:38,
1,2025-08-23 06:55,
1,2025-08-23 14:00,
1,2025-08-23 09:45,
1,2025-08-23 00:39,
1,2025-08-23 15:55,
1,2025-08-23 23:46,
1,2025-08-23 16:19,
1,2025-08-24 02:02,
1,2025-08-24 20:46,
1,2025-08-24 11:35,
1,2025-08-24 03:06,
1,2025-08-24 20:46,
1,2025-08-24 03:01,
1,2025-08-25 14:04,
1,2025-08-25 05:26,
1,2025-08-25 09:02,
1,2025-08-25 12:59,
1,2025-08-25 12:09,
1,2025-08-25 01:53,
1,2025-08-25 07:26,
1,2025-08-25 00:09,
1,2025-08-25 18:40,
1,2025-08-26 17:02,
1,2025-08-26 01:34,
1,2025-08-26 17:05,
1,2025-08-26 01:38,
1,2025-08-26 23:11,
1,2025-08-26 09:14,
1,2025-08-26 05:26,
1,2025-08-26 04:59,
1,2025-08-27 23:38,
1,2025-08-27 08:42,
1,2025-08-27 15:09,
1,2025-08-27 03:40,
1,2025-08-27 10:06,
1,2025-08-27 15:58,
1,2025-08-27 00:08,
1,2025-08-27 17:57,
1,2025-08-27 02:36,
1,2025-08-27 18:40,
1,2025-08-28 21:32,
1,2025-08-28 08:11,
1,2025-08-28 08:09,
1,2025-08-28 10:32,
1,2025-08-28 20:20,
1,2025-08-28 22:34,
1,2025-08-28 09:20,
1,2025-08-28 01:58,
1,2025-08-28 01:49,
1,2025-08-28 10:00,
1,2025-08-29 14:33,
1,2025-08-29 01:09,
1,2025-08-29 22:04,
1,2025-08-29 01:12,
1,2025-08-29 03:59,
1,2025-08-29 13:07,
1,2025-08-29 05:22,
1,2025-08-29 14:44,
1,2025-08-29 08:16,
1,2025-08-30 23:10,
1,2025-08-30 19:28,
1,2025-08-30 21:41,
1,2025-08-30 03:53,
1,2025-08-30 05:24,
1,2025-08-30 23:54,
1,2025-08-30 19:41,
1,2025-08-30 03:57,
1,2025-08-30 02:29,
1,2025-08-30 03:57,
1,2025-08-31 15:32,
1,2025-08-31 10:54,
1,2025-08-31 20:34,
1,2025-08-31 17:44,
1,2025-08-31 13:06,
1,2025-08-31 10:42,
1,2025-08-31 15:43,
1,2025-08-31 23:06,
1,2025-09-01 11:29,
1,2025-09-01 05:01,
1,2025-09-01 21:51,
1,2025-09-01 06:45,
1,2025-09-01 08:47,
1,2025-09-01 07:37,
1,2025-09-01 22:44,
1,2025-09-01 23:43,
1,2025-09-02 04:13,
1,2025-09-02 18:30,
1,2025-09-02 03:51,
1,2025-09-02 22:03,
1,2025-09-02 01:03,
1,2025-09-02 10:21,
1,2025-09-03 09:41,
1,2025-09-03 16:02,
1,2025-09-03 09:27,
1,2025-09-03 22:42,
1,2025-09-03 21:24,
1,2025-09-03 23:46,
1,2025-09-03 04:10,
1,2025-09-03 07:12,
1,2025-09-03 14:58,
1,2025-09-03 00:27,
1,2025-09-04 02:30,
1,2025-09-04 11:34,
1,2025-09-04 05:51,
1,2025-09-04 02:53,
1,2025-09-04 06:04,
1,2025-09-04 19:35,
1,2025-09-04 18:44,
1,2025-09-04 14:08,
1,2025-09-04 09:30,
1,2025-09-04 15:36,
1,2025-09-05 11:40,
1,2025-09-05 12:49,
1,2025-09-05 23:31,
1,2025-09-05 11:14,
1,2025-09-05 07:08,
1,2025-09-05 16:58,
1,2025-09-05 05:27,
1,2025-09-05 08:43,
1,2025-09-05 18:41,
1,2025-09-06 08:38,
1,2025-09-06 03:47,
1,2025-09-06 09:15,
1,2025-09-06 04:28,
1,2025-09-06 20:31,
1,2025-09-06 01:28,
1,2025-09-07 13:41,
1,2025-09-07 10:17,
1,2025-09-07 06:38,
1,2025-09-07 23:54,
1,2025-09-07 14:15,
1,2025-09-07 15:54,
1,2025-09-08 12:34,
1,2025-09-08 22:30,
1,2025-09-08 19:09,
1,2025-09-08 15:13,
1,2025-09-08 09:46,
1,2025-09-08 16:26,
1,2025-09-09 02:40,
1,2025-09-09 16:47,
1,2025-09-09 06:00,
1,2025-09-09 18:59,
1,2025-09-09 01:40,
1,2025-09-09 00:41,
1,2025-09-09 07:48,
1,2025-09-10 09:03,
1,2025-09-10 09:40,
1,2025-09-10 14:14,
1,2025-09-10 03:50,
1,2025-09-10 04:06,
1,2025-09-10 23:28,
1,2025-09-10 04:29,
1,2025-09-10 17:29,
1,2025-09-10 12:16,
1,2025-09-10 00:47,
1,2025-09-11 10:59,
1,2025-09-11 10:02,
1,2025-09-11 06:30,
1,2025-09-11 01:24,
1,2025-09-11 09:18,
1,2025-09-11 11:19,
1,2025-09-11 04:44,
1,2025-09-12 09:52,
1,2025-09-12 19:19,
1,2025-09-12 15:39,
1,2025-09-12 06:56,
1,2025-09-12 21:46,
1,2025-09-12 13:55,
1,2025-09-12 11:29,
1,2025-09-12 01:25,
1,2025-09-12 08:57,
1,2025-09-13 18:02,
1,2025-09-13 13:31,
1,2025-09-13 23:16,
1,2025-09-13 06:50,
1,2025-09-13 08:33,
1,2025-09-13 08:15,
1,2025-09-13 11:37,
1,2025-09-13 03:16,
1,2025-09-14 22:37,
1,2025-09-14 05:34,
1,2025-09-14 14:36,
1,2025-09-14 18:13,
1,2025-09-14 14:40,
1,2025-09-14 19:10,
1,2025-09-14 23:21,
1,2025-09-14 01:55,
1,2025-09-14 22:08,
1,2025-09-15 14:55,
1,2025-09-15 15:06,
1,2025-09-15 13:59,
1,2025-09-15 16:35,
1,2025-09-15 22:57,
1,2025-09-15 02:03,
1,2025-09-15 08:24,
1,2025-09-15 08:43,
1,2025-09-15 07:48,
1,2025-09-16 00:48,
1,2025-09-16 10:12,
1,2025-09-16 00:19,
1,2025-09-16 10:47,
1,2025-09-16 07:55,
1,2025-09-16 22:49,
1,2025-09-16 09:05,
1,2025-09-16 05:55,
1,2025-09-16 13:39,
1,2025-09-16 11:27,
1,2025-09-17 09:59,
1,2025-09-17 11:15,
1,2025-09-17 07:44,
1,2025-09-17 20:57,
1,2025-09-17 02:03,
1,2025-09-17 10:40,
1,2025-09-17 21:47,
1,2025-09-18 20:55,
1,2025-09-18 06:22,
1,2025-09-18 11:38,
1,2025-09-18 10:02,
1,2025-09-18 21:37,
1,2025-09-18 01:58,
1,2025-09-18 11:47,
1,2025-09-19 06:38,
1,2025-09-19 19:02,
1,2025-09-19 10:04,
1,2025-09-19 08:25,
1,2025-09-19 00:22,
1,2025-09-19 16:26,
1,2025-09-19 06:46,
1,2025-09-19 15:42,
1,2025-09-19 12:30,
1,2025-09-19 00:44,
1,2025-09-20 18:38,
1,2025-09-20 12:46,
1,2025-09-20 01:31,
1,2025-09-20 07:08,
1,2025-09-20 07:01,
1,2025-09-20 12:00,
1,2025-09-20 06:50,
1,2025-09-20 20:14,
1,2025-09-20 18:33,
1,2025-09-21 03:52,
1,2025-09-21 13:12,
1,2025-09-21 10:30,
1,2025-09-21 07:26,
1,2025-09-21 12:06,
1,2025-09-21 14:14,
1,2025-09-21 17:04,
1,2025-09-22 21:43,
1,2025-09-22 08:23,
1,2025-09-22 03:56,
1,2025-09-22 07:57,
1,2025-09-22 19:28,
1,2025-09-22 06:16,
1,2025-09-22 17:16,
1,2025-09-22 15:04,
1,2025-09-22 11:30,
1,2025-09-23 08:55,
1,2025-09-23 18:28,
1,2025-09-23 22:49,
1,2025-09-23 19:58,
1,2025-09-23 22:55,
1,2025-09-23 05:05,
1,2025-09-23 16:59,
1,2025-09-23 00:47,
1,2025-09-23 10:31,
1,2025-09-23 03:49,
1,2025-09-24 01:28,
1,2025-09-24 17:26,
1,2025-09-24 06:13,
1,2025-09-24 02:20,
1,2025-09-24 00:02,
1,2025-09-24 15:48,
1,2025-09-24 19:00,
1,2025-09-24 11:00,
1,2025-09-24 12:26,
1,2025-09-24 21:49,
1,2025-09-25 21:10,
1,2025-09-25 20:39,
1,2025-09-25 04:48,
1,2025-09-25 20:52,
1,2025-09-25 02:12,
1,2025-09-25 19:51,
1,2025-09-25 19:25,
1,2025-09-25 22:29,
1,2025-09-25 21:05,
1,2025-09-25 03:16,
1,2025-09-26 16:29,
1,2025-09-26 23:59,
1,2025-09-26 03:14,
1,2025-09-26 01:08,
1,2025-09-26 17:40,
1,2025-09-26 19:09,
1,2025-09-27 23:23,
1,2025-09-27 19:26,
1,2025-09-27 04:57,
1,2025-09-27 13:16,
1,2025-09-27 01:20,
1,2025-09-27 19:39,
1,2025-09-27 13:52,
1,2025-09-27 11:07,
1,2025-09-28 23:56,
1,2025-09-28 20:54,
1,2025-09-28 18:37,
1,2025-09-28 02:20,
1,2025-09-28 13:13,
1,2025-09-28 04:13,
1,2025-09-28 17:51,
1,2025-09-28 11:26,
1,2025-09-29 13:57,
1,2025-09-29 08:52,
1,2025-09-29 21:02,
1,2025-09-29 01:53,
1,2025-09-29 20:33,
1,2025-09-29 12:50,
1,2025-09-30 12:08,
1,2025-09-30 13:42,
1,2025-09-30 03:22,
1,2025-09-30 04:42,
1,2025-09-30 11:37,
1,2025-09-30 16:36,
1,2025-09-30 10:38,
1,2025-09-30 09:10,
1,2025-09-30 10:16,
1,2025-09-30 20:37,
1,2025-10-01 11:07,
1,2025-10-01 04:01,
1,2025-10-01 12:18,
1,2025-10-01 13:27,
1,2025-10-01 22:14,
1,2025-10-01 23:15,
1,2025-10-01 00:51,
1,2025-10-01 12:49,
1,2025-10-01 16:24,
1,2025-10-01 08:06,
1,2025-10-02 02:57,
1,2025-10-02 09:20,
1,2025-10-02 19:46,
1,2025-10-02 11:08,
1,2025-10-02 00:34,
1,2025-10-02 02:28,
1,2025-10-02 05:08,
1,2025-10-03 08:45,
1,2025-10-03 12:55,
1,2025-10-03 07:57,
1,2025-10-03 22:40,
1,2025-10-03 08:32,
1,2025-10-03 14:17,
1,2025-10-03 19:16,
1,2025-10-03 14:26,
1,2025-10-03 18:53,
1,2025-10-03 07:19,
1,2025-10-04 14:37,
1,2025-10-04 14:49,
1,2025-10-04 12:10,
1,2025-10-04 12:00,
1,2025-10-04 05:06,
1,2025-10-04 11:37,
1,2025-10-04 09:36,
1,2025-10-04 10:38,
1,2025-10-05 10:43,
1,2025-10-05 09:09,
1,2025-10-05 17:36,
1,2025-10-05 22:39,
1,2025-10-05 18:22,
1,2025-10-05 22:52,
1,2025-10-06 05:13,
1,2025-10-06 14:17,
1,2025-10-06 02:58,
1,2025-10-06 19:19,
1,2025-10-06 15:05,
1,2025-10-06 20:16,
1,2025-10-06 08:05,
1,2025-10-06 14:05,
1,2025-10-06 23:20,
1,2025-10-07 14:23,
1,2025-10-07 14:34,
1,2025-10-07 21:53,
1,2025-10-07 10:35,
1,2025-10-07 18:44,
1,2025-10-07 07:21,
1,2025-10-08 02:04,
1,2025-10-08 02:23,
1,2025-10-08 10:03,
1,2025-10-08 12:02,
1,2025-10-08 12:31,
1,2025-10-08 08:34,
1,2025-10-08 22:17,
1,2025-10-09 15:10,
1,2025-10-09 14:19,
1,2025-10-09 08:07,
1,2025-10-09 15:48,
1,2025-10-09 04:30,
1,2025-10-09 21:13,
1,2025-10-09 02:23,
1,2025-10-09 01:06,
1,2025-10-10 09:14,
1,2025-10-10 18:01,
1,2025-10-10 20:26,
1,2025-10-10 23:16,
1,2025-10-10 01:21,
1,2025-10-10 07:36,
1,2025-10-11 17:34,
1,2025-10-11 03:29,
1,2025-10-11 12:07,
1,2025-10-11 04:17,
1,2025-10-11 23:36,
1,2025-10-11 12:07,
1,2025-10-11 09:13,
1,2025-10-11 20:35,
1,2025-10-11 12:17,
1,2025-10-11 12:39,
1,2025-10-12 01:58,
1,2025-10-12 22:37,
1,2025-10-12 22:31,
1,2025-10-12 07:22,
1,2025-10-12 06:59,
1,2025-10-12 20:56,
1,2025-10-13 17:31,
1,2025-10-13 09:22,
1,2025-10-13 10:46,
1,2025-10-13 06:49,
1,2025-10-13 00:20,
1,2025-10-13 15:34,
1,2025-10-13 08:08,
1,2025-10-14 06:15,
1,2025-10-14 05:02,
1,2025-10-14 09:19,
1,2025-10-14 01:55,
1,2025-10-14 04:37,
1,2025-10-14 05:16,
1,2025-10-14 15:51,
1,2025-10-14 03:42,
1,2025-10-14 22:20,
1,2025-10-15 03:43,
1,2025-10-15 09:52,
1,2025-10-15 01:12,
1,2025-10-15 08:55,
1,2025-10-15 20:06,
1,2025-10-15 20:57,
1,2025-10-15 04:23,
1,2025-10-15 01:40,
1,2025-10-16 10:23,
1,2025-10-16 14:30,
1,2025-10-16 01:52,
1,2025-10-16 17:11,
1,2025-10-16 21:36,
1,2025-10-16 16:59,
1,2025-10-17 11:11,
1,2025-10-17 02:15,
1,2025-10-17 07:25,
1,2025-10-17 18:27,
1,2025-10-17 09:27,
1,2025-10-17 05:00,
1,2025-10-17 12:15,
1,2025-10-18 14:57,
1,2025-10-18 14:06,
1,2025-10-18 10:36,
1,2025-10-18 06:52,
1,2025-10-18 00:55,
1,2025-10-18 19:37,
1,2025-10-18 05:54,
1,2025-10-19 01:39,
1,2025-10-19 08:51,
1,2025-10-19 01:09,
1,2025-10-19 07:54,
1,2025-10-19 01:39,
1,2025-10-19 01:45,
1,2025-10-19 05:50,
1,2025-10-19 20:15,
1,2025-10-20 07:33,
1,2025-10-20 15:25,
1,2025-10-20 07:05,
1,2025-10-20 19:09,
1,2025-10-20 11:14,
1,2025-10-20 01:55,
1,2025-10-20 07:48,
1,2025-10-20 11:57,
1,2025-10-20 18:02,
1,2025-10-20 09:47,
1,2025-10-21 21:01,
1,2025-10-21 11:05,
1,2025-10-21 16:24,
1,2025-10-21 06:58,
1,2025-10-21 09:45,
1,2025-10-21 13:40,
1,2025-10-21 04:13,
1,2025-10-21 21:24,
1,2025-10-21 01:22,
1,2025-10-21 06:38,
1,2025-10-22 23:05,
1,2025-10-22 04:24,
1,2025-10-22 00:16,
1,2025-10-22 05:57,
1,2025-10-22 13:09,
1,2025-10-22 13:34,
1,2025-10-22 06:58,
1,2025-10-22 09:25,
1,2025-10-22 00:14,
1,2025-10-23 11:16,
1,2025-10-23 18:44,
1,2025-10-23 00:57,
1,2025-10-23 02:22,
1,2025-10-23 02:58,
1,2025-10-23 08:04,
1,2025-10-23 04:39,
1,2025-10-23 11:16,
1,2025-10-23 14:07,
1,2025-10-23 05:54,
1,2025-10-24 19:28,
1,2025-10-24 23:12,
1,2025-10-24 05:45,
1,2025-10-24 20:10,
1,2025-10-24 15:53,
1,2025-10-24 03:21,
1,2025-10-24 19:18,
1,2025-10-24 06:31,
1,2025-10-24 10:28,
1,2025-10-25 09:02,
1,2025-10-25 03:21,
1,2025-10-25 03:18,
1,2025-10-25 19:38,
1,2025-10-25 06:22,
1,2025-10-25 00:38,
1,2025-10-25 10:03,
1,2025-10-25 00:42,
1,2025-10-25 00:11,
1,2025-10-26 07:31,
1,2025-10-26 01:10,
1,2025-10-26 06:39,
1,2025-10-26 13:48,
1,2025-10-26 04:13,
1,2025-10-26 10:12,
1,2025-10-26 21:43,
1,2025-10-26 20:28,
1,2025-10-26 20:48,
1,2025-10-27 21:25,
1,2025-10-27 08:54,
1,2025-10-27 03:19,
1,2025-10-27 21:57,
1,2025-10-27 01:12,
1,2025-10-27 09:37,
1,2025-10-27 16:15,
1,2025-10-27 06:22,
1,2025-10-27 15:06,
1,2025-10-28 21:56,
1,2025-10-28 16:27,
1,2025-10-28 16:14,
1,2025-10-28 17:17,
1,2025-10-28 03:44,
1,2025-10-28 19:36,
1,2025-10-28 10:53,
1,2025-10-28 07:06,
1,2025-10-28 21:33,
1,2025-10-29 17:09,
1,2025-10-29 22:16,
1,2025-10-29 15:59,
1,2025-10-29 06:51,
1,2025-10-29 23:29,
1,2025-10-29 11:40,
1,2025-10-29 19:05,
1,2025-10-29 18:14,
1,2025-10-30 14:34,
1,2025-10-30 18:35,
1,2025-10-30 13:20,
1,2025-10-30 09:14,
1,2025-10-30 07:43,
1,2025-10-30 12:58,
1,2025-10-30 15:15,
1,2025-10-30 06:36,
1,2025-10-31 18:38,
1,2025-10-31 12:52,
1,2025-10-31 12:58,
1,2025-10-31 16:34,
1,2025-10-31 09:41,
1,2025-10-31 11:24,
1,2025-10-31 16:37,
1,2025-11-01 03:09,
1,2025-11-01 09:25,
1,2025-11-01 10:05,
1,2025-11-01 19:56,
1,2025-11-01 06:00,
1,2025-11-01 06:38,
1,2025-11-02 19:38,
1,2025-11-02 01:29,
1,2025-11-02 03:57,
1,2025-11-02 21:14,
1,2025-11-02 23:46,
1,2025-11-02 09:52,
1,2025-11-02 11:28,
1,2025-11-02 16:11,
1,2025-11-02 13:28,
1,2025-11-03 13:24,
1,2025-11-03 08:38,
1,2025-11-03 20:56,
1,2025-11-03 17:33,
1,2025-11-03 21:01,
1,2025-11-03 16:26,
1,2025-11-03 03:02,
1,2025-11-03 15:57,
1,2025-11-04 04:53,
1,2025-11-04 23:23,
1,2025-11-04 21:28,
1,2025-11-04 13:12,
1,2025-11-04 14:28,
1,2025-11-04 03:12,
1,2025-11-04 04:32,
1,2025-11-04 05:03,
1,2025-11-04 19:59,
