child_id,start_time,end_time,note
1,2024-10-01 22:00,2024-10-02 06:00,夜間
1,2024-10-01 10:00,2024-10-01 11:00,昼寝
1,2024-10-01 15:00,2024-10-01 17:00,昼寝
1,2024-10-02 22:00,2024-10-03 06:00,夜間
1,2024-10-02 10:00,2024-10-02 12:00,昼寝
1,2024-10-02 15:00,2024-10-02 17:00,昼寝
1,2024-10-03 22:00,2024-10-04 06:00,夜間
1,2024-10-03 10:00,2024-10-03 12:00,昼寝
1,2024-10-03 15:00,2024-10-03 17:00,昼寝
1,2024-10-04 22:00,2024-10-05 06:00,夜間
1,2024-10-04 10:00,2024-10-04 11:00,昼寝
1,2024-10-04 15:00,2024-10-04 16:00,昼寝
1,2024-10-05 22:00,2024-10-06 06:00,夜間
1,2024-10-05 10:00,2024-10-05 12:00,昼寝
1,2024-10-05 15:00,2024-10-05 16:00,昼寝
1,2024-10-06 22:00,2024-10-07 06:00,夜間
1,2024-10-06 10:00,2024-10-06 11:00,昼寝
1,2024-10-06 15:00,2024-10-06 16:00,昼寝
1,2024-10-07 22:00,2024-10-08 06:00,夜間
1,2024-10-07 10:00,2024-10-07 12:00,昼寝
1,2024-10-07 15:00,2024-10-07 17:00,昼寝
1,2024-10-08 22:00,2024-10-09 06:00,夜間
1,2024-10-08 10:00,2024-10-08 12:00,昼寝
1,2024-10-08 15:00,2024-10-08 17:00,昼寝
1,2024-10-09 22:00,2024-10-10 06:00,夜間
1,2024-10-09 10:00,2024-10-09 11:00,昼寝
1,2024-10-09 15:00,2024-10-09 17:00,昼寝
1,2024-10-10 22:00,2024-10-11 06:00,夜間
1,2024-10-10 10:00,2024-10-10 12:00,昼寝
1,2024-10-10 15:00,2024-10-10 17:00,昼寝
1,2024-10-11 22:00,2024-10-12 06:00,夜間
1,2024-10-11 10:00,2024-10-11 11:00,昼寝
1,2024-10-11 15:00,2024-10-11 16:00,昼寝
1,2024-10-12 22:00,2024-10-13 06:00,夜間
1,2024-10-12 10:00,2024-10-12 11:00,昼寝
1,2024-10-12 15:00,2024-10-12 17:00,昼寝
1,2024-10-13 22:00,2024-10-14 06:00,夜間
1,2024-10-13 10:00,2024-10-13 11:00,昼寝
1,2024-10-13 15:00,2024-10-13 17:00,昼寝
1,2024-10-14 22:00,2024-10-15 06:00,夜間
1,2024-10-14 10:00,2024-10-14 12:00,昼寝
1,2024-10-14 15:00,2024-10-14 16:00,昼寝
1,2024-10-15 22:00,2024-10-16 06:00,夜間
1,2024-10-15 10:00,2024-10-15 11:00,昼寝
1,2024-10-15 15:00,2024-10-15 17:00,昼寝
1,2024-10-16 22:00,2024-10-17 06:00,夜間
1,2024-10-16 10:00,2024-10-16 12:00,昼寝
1,2024-10-16 15:00,2024-10-16 17:00,昼寝
1,2024-10-17 22:00,2024-10-18 06:00,夜間
1,2024-10-17 10:00,2024-10-17 11:00,昼寝
1,2024-10-17 15:00,2024-10-17 16:00,昼寝
1,2024-10-18 22:00,2024-10-19 06:00,夜間
1,2024-10-18 10:00,2024-10-18 12:00,昼寝
1,2024-10-18 15:00,2024-10-18 17:00,昼寝
1,2024-10-19 22:00,2024-10-20 06:00,夜間
1,2024-10-19 10:00,2024-10-19 11:00,昼寝
1,2024-10-19 15:00,2024-10-19 17:00,昼寝
1,2024-10-20 22:00,2024-10-21 06:00,夜間
1,2024-10-20 10:00,2024-10-20 12:00,昼寝
1,2024-10-20 15:00,2024-10-20 16:00,昼寝
1,2024-10-21 22:00,2024-10-22 06:00,夜間
1,2024-10-21 10:00,2024-10-21 12:00,昼寝
1,2024-10-21 15:00,2024-10-21 16:00,昼寝
1,2024-10-22 22:00,2024-10-23 06:00,夜間
1,2024-10-22 10:00,2024-10-22 12:00,昼寝
1,2024-10-22 15:00,2024-10-22 17:00,昼寝
1,2024-10-23 22:00,2024-10-24 06:00,夜間
1,2024-10-23 10:00,2024-10-23 11:00,昼寝
1,2024-10-23 15:00,2024-10-23 17:00,昼寝
1,2024-10-24 22:00,2024-10-25 06:00,夜間
1,2024-10-24 10:00,2024-10-24 12:00,昼寝
1,2024-10-24 15:00,2024-10-24 17:00,昼寝
1,2024-10-25 22:00,2024-10-26 06:00,夜間
1,2024-10-25 10:00,2024-10-25 12:00,昼寝
1,2024-10-25 15:00,2024-10-25 17:00,昼寝
1,2024-10-26 22:00,2024-10-27 06:00,夜間
1,2024-10-26 10:00,2024-10-26 11:00,昼寝
1,2024-10-26 15:00,2024-10-26 16:00,昼寝
1,2024-10-27 22:00,2024-10-28 06:00,夜間
1,2024-10-27 10:00,2024-10-27 11:00,昼寝
1,2024-10-27 15:00,2024-10-27 17:00,昼寝
1,2024-10-28 22:00,2024-10-29 06:00,夜間
1,2024-10-28 10:00,2024-10-28 11:00,昼寝
1,2024-10-28 15:00,2024-10-28 16:00,昼寝
1,2024-10-29 22:00,2024-10-30 06:00,夜間
1,2024-10-29 10:00,2024-10-29 12:00,昼寝
1,2024-10-29 15:00,2024-10-29 16:00,昼寝
1,2024-10-30 22:00,2024-10-31 06:00,夜間
1,2024-10-30 10:00,2024-10-30 11:00,昼寝
1,2024-10-30 15:00,2024-10-30 17:00,昼寝
1,2024-10-31 22:00,2024-11-01 06:00,夜間
1,2024-10-31 10:00,2024-10-31 12:00,昼寝
1,2024-10-31 15:00,2024-10-31 16:00,昼寝
1,2024-11-01 22:00,2024-11-02 06:00,夜間
1,2024-11-01 10:00,2024-11-01 11:00,昼寝
1,2024-11-01 15:00,2024-11-01 16:00,昼寝
1,2024-11-02 22:00,2024-11-03 06:00,夜間
1,2024-11-02 10:00,2024-11-02 11:00,昼寝
1,2024-11-02 15:00,2024-11-02 16:00,昼寝
1,2024-11-03 22:00,2024-11-04 06:00,夜間
1,2024-11-03 10:00,2024-11-03 11:00,昼寝
1,2024-11-03 15:00,2024-11-03 16:00,昼寝
1,2024-11-04 22:00,2024-11-05 06:00,夜間
1,2024-11-04 10:00,2024-11-04 12:00,昼寝
1,2024-11-04 15:00,2024-11-04 16:00,昼寝
1,2024-11-05 22:00,2024-11-06 06:00,夜間
1,2024-11-05 10:00,2024-11-05 11:00,昼寝
1,2024-11-05 15:00,2024-11-05 16:00,昼寝
1,2024-11-06 22:00,2024-11-07 06:00,夜間
1,2024-11-06 10:00,2024-11-06 11:00,昼寝
1,2024-11-06 15:00,2024-11-06 17:00,昼寝
1,2024-11-07 22:00,2024-11-08 06:00,夜間
1,2024-11-07 10:00,2024-11-07 12:00,昼寝
1,2024-11-07 15:00,2024-11-07 16:00,昼寝
1,2024-11-08 22:00,2024-11-09 06:00,夜間
1,2024-11-08 10:00,2024-11-08 12:00,昼寝
1,2024-11-08 15:00,2024-11-08 17:00,昼寝
1,2024-11-09 22:00,2024-11-10 06:00,夜間
1,2024-11-09 10:00,2024-11-09 12:00,昼寝
1,2024-11-09 15:00,2024-11-09 17:00,昼寝
1,2024-11-10 22:00,2024-11-11 06:00,夜間
1,2024-11-10 10:00,2024-11-10 11:00,昼寝
1,2024-11-10 15:00,2024-11-10 17:00,昼寝
1,2024-11-11 22:00,2024-11-12 06:00,夜間
1,2024-11-11 10:00,2024-11-11 12:00,昼寝
1,2024-11-11 15:00,2024-11-11 17:00,昼寝
1,2024-11-12 22:00,2024-11-13 06:00,夜間
1,2024-11-12 10:00,2024-11-12 12:00,昼寝
1,2024-11-12 15:00,2024-11-12 17:00,昼寝
1,2024-11-13 22:00,2024-11-14 06:00,夜間
1,2024-11-13 10:00,2024-11-13 11:00,昼寝
1,2024-11-13 15:00,2024-11-13 17:00,昼寝
1,2024-11-14 22:00,2024-11-15 06:00,夜間
1,2024-11-14 10:00,2024-11-14 11:00,昼寝
1,2024-11-14 15:00,2024-11-14 17:00,昼寝
1,2024-11-15 22:00,2024-11-16 06:00,夜間
1,2024-11-15 10:00,2024-11-15 11:00,昼寝
1,2024-11-15 15:00,2024-11-15 16:00,昼寝
1,2024-11-16 22:00,2024-11-17 06:00,夜間
1,2024-11-16 10:00,2024-11-16 11:00,昼寝
1,2024-11-16 15:00,2024-11-16 17:00,昼寝
1,2024-11-17 22:00,2024-11-18 06:00,夜間
1,2024-11-17 10:00,2024-11-17 12:00,昼寝
1,2024-11-17 15:00,2024-11-17 16:00,昼寝
1,2024-11-18 22:00,2024-11-19 06:00,夜間
1,2024-11-18 10:00,2024-11-18 12:00,昼寝
1,2024-11-18 15:00,2024-11-18 17:00,昼寝
1,2024-11-19 22:00,2024-11-20 06:00,夜間
1,2024-11-19 10:00,2024-11-19 12:00,昼寝
1,2024-11-19 15:00,2024-11-19 16:00,昼寝
1,2024-11-20 22:00,2024-11-21 06:00,夜間
1,2024-11-20 10:00,2024-11-20 12:00,昼寝
1,2024-11-20 15:00,2024-11-20 16:00,昼寝
1,2024-11-21 22:00,2024-11-22 06:00,夜間
1,2024-11-21 10:00,2024-11-21 12:00,昼寝
1,2024-11-21 15:00,2024-11-21 16:00,昼寝
1,2024-11-22 22:00,2024-11-23 06:00,夜間
1,2024-11-22 10:00,2024-11-22 11:00,昼寝
1,2024-11-22 15:00,2024-11-22 17:00,昼寝
1,2024-11-23 22:00,2024-11-24 06:00,夜間
1,2024-11-23 10:00,2024-11-23 12:00,昼寝
1,2024-11-23 15:00,2024-11-23 17:00,昼寝
1,2024-11-24 22:00,2024-11-25 06:00,夜間
1,2024-11-24 10:00,2024-11-24 11:00,昼寝
1,2024-11-24 15:00,2024-11-24 17:00,昼寝
1,2024-11-25 22:00,2024-11-26 06:00,夜間
1,2024-11-25 10:00,2024-11-25 12:00,昼寝
1,2024-11-25 15:00,2024-11-25 17:00,昼寝
1,2024-11-26 22:00,2024-11-27 06:00,夜間
1,2024-11-26 10:00,2024-11-26 11:00,昼寝
1,2024-11-26 15:00,2024-11-26 17:00,昼寝
1,2024-11-27 22:00,2024-11-28 06:00,夜間
1,2024-11-27 10:00,2024-11-27 11:00,昼寝
1,2024-11-27 15:00,2024-11-27 16:00,昼寝
1,2024-11-28 22:00,2024-11-29 06:00,夜間
1,2024-11-28 10:00,2024-11-28 11:00,昼寝
1,2024-11-28 15:00,2024-11-28 17:00,昼寝
1,2024-11-29 22:00,2024-11-30 06:00,夜間
1,2024-11-29 10:00,2024-11-29 11:00,昼寝
1,2024-11-29 15:00,2024-11-29 16:00,昼寝
1,2024-11-30 22:00,2024-12-01 06:00,夜間
1,2024-11-30 10:00,2024-11-30 11:00,昼寝
1,2024-11-30 15:00,2024-11-30 17:00,昼寝
1,2024-12-01 22:00,2024-12-02 06:00,夜間
1,2024-12-01 10:00,2024-12-01 11:00,昼寝
1,2024-12-01 15:00,2024-12-01 16:00,昼寝
1,2024-12-02 22:00,2024-12-03 06:00,夜間
1,2024-12-02 10:00,2024-12-02 11:00,昼寝
1,2024-12-02 15:00,2024-12-02 17:00,昼寝
1,2024-12-03 22:00,2024-12-04 06:00,夜間
1,2024-12-03 10:00,2024-12-03 11:00,昼寝
1,2024-12-03 15:00,2024-12-03 17:00,昼寝
1,2024-12-04 22:00,2024-12-05 06:00,夜間
1,2024-12-04 10:00,2024-12-04 12:00,昼寝
1,2024-12-04 15:00,2024-12-04 17:00,昼寝
1,2024-12-05 22:00,2024-12-06 06:00,夜間
1,2024-12-05 10:00,2024-12-05 12:00,昼寝
1,2024-12-05 15:00,2024-12-05 17:00,昼寝
1,2024-12-06 22:00,2024-12-07 06:00,夜間
1,2024-12-06 10:00,2024-12-06 11:00,昼寝
1,2024-12-06 15:00,2024-12-06 17:00,昼寝
1,2024-12-07 22:00,2024-12-08 06:00,夜間
1,2024-12-07 10:00,2024-12-07 11:00,昼寝
1,2024-12-07 15:00,2024-12-07 17:00,昼寝
1,2024-12-08 22:00,2024-12-09 06:00,夜間
1,2024-12-08 10:00,2024-12-08 11:00,昼寝
1,2024-12-08 15:00,2024-12-08 17:00,昼寝
1,2024-12-09 22:00,2024-12-10 06:00,夜間
1,2024-12-09 10:00,2024-12-09 12:00,昼寝
1,2024-12-09 15:00,2024-12-09 17:00,昼寝
1,2024-12-10 22:00,2024-12-11 06:00,夜間
1,2024-12-10 10:00,2024-12-10 11:00,昼寝
1,2024-12-10 15:00,2024-12-10 16:00,昼寝
1,2024-12-11 22:00,2024-12-12 06:00,夜間
1,2024-12-11 10:00,2024-12-11 11:00,昼寝
1,2024-12-11 15:00,2024-12-11 17:00,昼寝
1,2024-12-12 22:00,2024-12-13 06:00,夜間
1,2024-12-12 10:00,2024-12-12 11:00,昼寝
1,2024-12-12 15:00,2024-12-12 16:00,昼寝
1,2024-12-13 22:00,2024-12-14 06:00,夜間
1,2024-12-13 10:00,2024-12-13 12:00,昼寝
1,2024-12-13 15:00,2024-12-13 16:00,昼寝
1,2024-12-14 22:00,2024-12-15 06:00,夜間
1,2024-12-14 10:00,2024-12-14 11:00,昼寝
1,2024-12-14 15:00,2024-12-14 17:00,昼寝
1,2024-12-15 22:00,2024-12-16 06:00,夜間
1,2024-12-15 10:00,2024-12-15 11:00,昼寝
1,2024-12-15 15:00,2024-12-15 16:00,昼寝
1,2024-12-16 22:00,2024-12-17 06:00,夜間
1,2024-12-16 10:00,2024-12-16 11:00,昼寝
1,2024-12-16 15:00,2024-12-16 17:00,昼寝
1,2024-12-17 22:00,2024-12-18 06:00,夜間
1,2024-12-17 10:00,2024-12-17 12:00,昼寝
1,2024-12-17 15:00,2024-12-17 17:00,昼寝
1,2024-12-18 22:00,2024-12-19 06:00,夜間
1,2024-12-18 10:00,2024-12-18 11:00,昼寝
1,2024-12-18 15:00,2024-12-18 16:00,昼寝
1,2024-12-19 22:00,2024-12-20 06:00,夜間
1,2024-12-19 10:00,2024-12-19 11:00,昼寝
1,2024-12-19 15:00,2024-12-19 16:00,昼寝
1,2024-12-20 22:00,2024-12-21 06:00,夜間
1,2024-12-20 10:00,2024-12-20 11:00,昼寝
1,2024-12-20 15:00,2024-12-20 17:00,昼寝
1,2024-12-21 22:00,2024-12-22 06:00,夜間
1,2024-12-21 10:00,2024-12-21 11:00,昼寝
1,2024-12-21 15:00,2024-12-21 17:00,昼寝
1,2024-12-22 22:00,2024-12-23 06:00,夜間
1,2024-12-22 10:00,2024-12-22 11:00,昼寝
1,2024-12-22 15:00,2024-12-22 17:00,昼寝
1,2024-12-23 22:00,2024-12-24 06:00,夜間
1,2024-12-23 10:00,2024-12-23 11:00,昼寝
1,2024-12-23 15:00,2024-12-23 16:00,昼寝
1,2024-12-24 22:00,2024-12-25 06:00,夜間
1,2024-12-24 10:00,2024-12-24 11:00,昼寝
1,2024-12-24 15:00,2024-12-24 16:00,昼寝
1,2024-12-25 22:00,2024-12-26 06:00,夜間
1,2024-12-25 10:00,2024-12-25 11:00,昼寝
1,2024-12-25 15:00,2024-12-25 16:00,昼寝
1,2024-12-26 22:00,2024-12-27 06:00,夜間
1,2024-12-26 10:00,2024-12-26 12:00,昼寝
1,2024-12-26 15:00,2024-12-26 16:00,昼寝
1,2024-12-27 22:00,2024-12-28 06:00,夜間
1,2024-12-27 10:00,2024-12-27 12:00,昼寝
1,2024-12-27 15:00,2024-12-27 17:00,昼寝
1,2024-12-28 22:00,2024-12-29 06:00,夜間
1,2024-12-28 10:00,2024-12-28 12:00,昼寝
1,2024-12-28 15:00,2024-12-28 17:00,昼寝
1,2024-12-29 22:00,2024-12-30 06:00,夜間
1,2024-12-29 10:00,2024-12-29 11:00,昼寝
1,2024-12-29 15:00,2024-12-29 17:00,昼寝
1,2024-12-30 22:00,2024-12-31 06:00,夜間
1,2024-12-30 10:00,2024-12-30 12:00,昼寝
1,2024-12-30 15:00,2024-12-30 16:00,昼寝
1,2024-12-31 22:00,2025-01-01 06:00,夜間
1,2024-12-31 10:00,2024-12-31 11:00,昼寝
1,2024-12-31 15:00,2024-12-31 16:00,昼寝
1,2025-01-01 22:00,2025-01-02 06:00,夜間
1,2025-01-01 10:00,2025-01-01 12:00,昼寝
1,2025-01-01 15:00,2025-01-01 17:00,昼寝
1,2025-01-02 22:00,2025-01-03 06:00,夜間
1,2025-01-02 10:00,2025-01-02 11:00,昼寝
1,2025-01-02 15:00,2025-01-02 17:00,昼寝
1,2025-01-03 22:00,2025-01-04 06:00,夜間
1,2025-01-03 10:00,2025-01-03 11:00,昼寝
1,2025-01-03 15:00,2025-01-03 17:00,昼寝
1,2025-01-04 22:00,2025-01-05 06:00,夜間
1,2025-01-04 10:00,2025-01-04 11:00,昼寝
1,2025-01-04 15:00,2025-01-04 17:00,昼寝
1,2025-01-05 22:00,2025-01-06 06:00,夜間
1,2025-01-05 10:00,2025-01-05 12:00,昼寝
1,2025-01-05 15:00,2025-01-05 17:00,昼寝
1,2025-01-06 22:00,2025-01-07 06:00,夜間
1,2025-01-06 10:00,2025-01-06 11:00,昼寝
1,2025-01-06 15:00,2025-01-06 16:00,昼寝
1,2025-01-07 22:00,2025-01-08 06:00,夜間
1,2025-01-07 10:00,2025-01-07 12:00,昼寝
1,2025-01-07 15:00,2025-01-07 16:00,昼寝
1,2025-01-08 22:00,2025-01-09 06:00,夜間
1,2025-01-08 10:00,2025-01-08 12:00,昼寝
1,2025-01-08 15:00,2025-01-08 16:00,昼寝
1,2025-01-09 22:00,2025-01-10 06:00,夜間
1,2025-01-09 10:00,2025-01-09 11:00,昼寝
1,2025-01-09 15:00,2025-01-09 17:00,昼寝
1,2025-01-10 22:00,2025-01-11 06:00,夜間
1,2025-01-10 10:00,2025-01-10 12:00,昼寝
1,2025-01-10 15:00,2025-01-10 17:00,昼寝
1,2025-01-11 22:00,2025-01-12 06:00,夜間
1,2025-01-11 10:00,2025-01-11 12:00,昼寝
1,2025-01-11 15:00,2025-01-11 17:00,昼寝
1,2025-01-12 22:00,2025-01-13 06:00,夜間
1,2025-01-12 10:00,2025-01-12 12:00,昼寝
1,2025-01-12 15:00,2025-01-12 16:00,昼寝
1,2025-01-13 22:00,2025-01-14 06:00,夜間
1,2025-01-13 10:00,2025-01-13 12:00,昼寝
1,2025-01-13 15:00,2025-01-13 17:00,昼寝
1,2025-01-14 22:00,2025-01-15 06:00,夜間
1,2025-01-14 10:00,2025-01-14 11:00,昼寝
1,2025-01-14 15:00,2025-01-14 17:00,昼寝
1,2025-01-15 22:00,2025-01-16 06:00,夜間
1,2025-01-15 10:00,2025-01-15 12:00,昼寝
1,2025-01-15 15:00,2025-01-15 16:00,昼寝
1,2025-01-16 22:00,2025-01-17 06:00,夜間
1,2025-01-16 10:00,2025-01-16 11:00,昼寝
1,2025-01-16 15:00,2025-01-16 16:00,昼寝
1,2025-01-17 22:00,2025-01-18 06:00,夜間
1,2025-01-17 10:00,2025-01-17 11:00,昼寝
1,2025-01-17 15:00,2025-01-17 17:00,昼寝
1,2025-01-18 22:00,2025-01-19 06:00,夜間
1,2025-01-18 10:00,2025-01-18 12:00,昼寝
1,2025-01-18 15:00,2025-01-18 16:00,昼寝
1,2025-01-19 22:00,2025-01-20 06:00,夜間
1,2025-01-19 10:00,2025-01-19 11:00,昼寝
1,2025-01-19 15:00,2025-01-19 16:00,昼寝
1,2025-01-20 22:00,2025-01-21 06:00,夜間
1,2025-01-20 10:00,2025-01-20 11:00,昼寝
1,2025-01-20 15:00,2025-01-20 17:00,昼寝
1,2025-01-21 22:00,2025-01-22 06:00,夜間
1,2025-01-21 10:00,2025-01-21 12:00,昼寝
1,2025-01-21 15:00,2025-01-21 17:00,昼寝
1,2025-01-22 22:00,2025-01-23 06:00,夜間
1,2025-01-22 10:00,2025-01-22 11:00,昼寝
1,2025-01-22 15:00,2025-01-22 17:00,昼寝
1,2025-01-23 22:00,2025-01-24 06:00,夜間
1,2025-01-23 10:00,2025-01-23 11:00,昼寝
1,2025-01-23 15:00,2025-01-23 16:00,昼寝
1,2025-01-24 22:00,2025-01-25 06:00,夜間
1,2025-01-24 10:00,2025-01-24 11:00,昼寝
1,2025-01-24 15:00,2025-01-24 16:00,昼寝
1,2025-01-25 22:00,2025-01-26 06:00,夜間
1,2025-01-25 10:00,2025-01-25 12:00,昼寝
1,2025-01-25 15:00,2025-01-25 16:00,昼寝
1,2025-01-26 22:00,2025-01-27 06:00,夜間
1,2025-01-26 10:00,2025-01-26 11:00,昼寝
1,2025-01-26 15:00,2025-01-26 16:00,昼寝
1,2025-01-27 22:00,2025-01-28 06:00,夜間
1,2025-01-27 10:00,2025-01-27 12:00,昼寝
1,2025-01-27 15:00,2025-01-27 16:00,昼寝
1,2025-01-28 22:00,2025-01-29 06:00,夜間
1,2025-01-28 10:00,2025-01-28 12:00,昼寝
1,2025-01-28 15:00,2025-01-28 17:00,昼寝
1,2025-01-29 22:00,2025-01-30 06:00,夜間
1,2025-01-29 10:00,2025-01-29 11:00,昼寝
1,2025-01-29 15:00,2025-01-29 16:00,昼寝
1,2025-01-30 22:00,2025-01-31 06:00,夜間
1,2025-01-30 10:00,2025-01-30 12:00,昼寝
1,2025-01-30 15:00,2025-01-30 17:00,昼寝
1,2025-01-31 22:00,2025-02-01 06:00,夜間
1,2025-01-31 10:00,2025-01-31 12:00,昼寝
1,2025-01-31 15:00,2025-01-31 16:00,昼寝
1,2025-02-01 22:00,2025-02-02 06:00,夜間
1,2025-02-01 10:00,2025-02-01 11:00,昼寝
1,2025-02-01 15:00,2025-02-01 17:00,昼寝
1,2025-02-02 22:00,2025-02-03 06:00,夜間
1,2025-02-02 10:00,2025-02-02 11:00,昼寝
1,2025-02-02 15:00,2025-02-02 16:00,昼寝
1,2025-02-03 22:00,2025-02-04 06:00,夜間
1,2025-02-03 10:00,2025-02-03 11:00,昼寝
1,2025-02-03 15:00,2025-02-03 17:00,昼寝
1,2025-02-04 22:00,2025-02-05 06:00,夜間
1,2025-02-04 10:00,2025-02-04 12:00,昼寝
1,2025-02-04 15:00,2025-02-04 16:00,昼寝
1,2025-02-05 22:00,2025-02-06 06:00,夜間
1,2025-02-05 10:00,2025-02-05 12:00,昼寝
1,2025-02-05 15:00,2025-02-05 16:00,昼寝
1,2025-02-06 22:00,2025-02-07 06:00,夜間
1,2025-02-06 10:00,2025-02-06 11:00,昼寝
1,2025-02-06 15:00,2025-02-06 16:00,昼寝
1,2025-02-07 22:00,2025-02-08 06:00,夜間
1,2025-02-07 10:00,2025-02-07 11:00,昼寝
1,2025-02-07 15:00,2025-02-07 17:00,昼寝
1,2025-02-08 22:00,2025-02-09 06:00,夜間
1,2025-02-08 10:00,2025-02-08 12:00,昼寝
1,2025-02-08 15:00,2025-02-08 16:00,昼寝
1,2025-02-09 22:00,2025-02-10 06:00,夜間
1,2025-02-09 10:00,2025-02-09 12:00,昼寝
1,2025-02-09 15:00,2025-02-09 16:00,昼寝
1,2025-02-10 22:00,2025-02-11 06:00,夜間
1,2025-02-10 10:00,2025-02-10 11:00,昼寝
1,2025-02-10 15:00,2025-02-10 16:00,昼寝
1,2025-02-11 22:00,2025-02-12 06:00,夜間
1,2025-02-11 10:00,2025-02-11 11:00,昼寝
1,2025-02-11 15:00,2025-02-11 17:00,昼寝
1,2025-02-12 22:00,2025-02-13 06:00,夜間
1,2025-02-12 10:00,2025-02-12 12:00,昼寝
1,2025-02-12 15:00,2025-02-12 16:00,昼寝
1,2025-02-13 22:00,2025-02-14 06:00,夜間
1,2025-02-13 10:00,2025-02-13 12:00,昼寝
1,2025-02-13 15:00,2025-02-13 17:00,昼寝
1,2025-02-14 22:00,2025-02-15 06:00,夜間
1,2025-02-14 10:00,2025-02-14 11:00,昼寝
1,2025-02-14 15:00,2025-02-14 17:00,昼寝
1,2025-02-15 22:00,2025-02-16 06:00,夜間
1,2025-02-15 10:00,2025-02-15 11:00,昼寝
1,2025-02-15 15:00,2025-02-15 17:00,昼寝
1,2025-02-16 22:00,2025-02-17 06:00,夜間
1,2025-02-16 10:00,2025-02-16 12:00,昼寝
1,2025-02-16 15:00,2025-02-16 16:00,昼寝
1,2025-02-17 22:00,2025-02-18 06:00,夜間
1,2025-02-17 10:00,2025-02-17 12:00,昼寝
1,2025-02-17 15:00,2025-02-17 17:00,昼寝
1,2025-02-18 22:00,2025-02-19 06:00,夜間
1,2025-02-18 10:00,2025-02-18 11:00,昼寝
1,2025-02-18 15:00,2025-02-18 17:00,昼寝
1,2025-02-19 22:00,2025-02-20 06:00,夜間
1,2025-02-19 10:00,2025-02-19 12:00,昼寝
1,2025-02-19 15:00,2025-02-19 17:00,昼寝
1,2025-02-20 22:00,2025-02-21 06:00,夜間
1,2025-02-20 10:00,2025-02-20 11:00,昼寝
1,2025-02-20 15:00,2025-02-20 17:00,昼寝
1,2025-02-21 22:00,2025-02-22 06:00,夜間
1,2025-02-21 10:00,2025-02-21 12:00,昼寝
1,2025-02-21 15:00,2025-02-21 16:00,昼寝
1,2025-02-22 22:00,2025-02-23 06:00,夜間
1,2025-02-22 10:00,2025-02-22 12:00,昼寝
1,2025-02-22 15:00,2025-02-22 16:00,昼寝
1,2025-02-23 22:00,2025-02-24 06:00,夜間
1,2025-02-23 10:00,2025-02-23 11:00,昼寝
1,2025-02-23 15:00,2025-02-23 17:00,昼寝
1,2025-02-24 22:00,2025-02-25 06:00,夜間
1,2025-02-24 10:00,2025-02-24 11:00,昼寝
1,2025-02-24 15:00,2025-02-24 17:00,昼寝
1,2025-02-25 22:00,2025-02-26 06:00,夜間
1,2025-02-25 10:00,2025-02-25 12:00,昼寝
1,2025-02-25 15:00,2025-02-25 16:00,昼寝
1,2025-02-26 22:00,2025-02-27 06:00,夜間
1,2025-02-26 10:00,2025-02-26 11:00,昼寝
1,2025-02-26 15:00,2025-02-26 17:00,昼寝
1,2025-02-27 22:00,2025-02-28 06:00,夜間
1,2025-02-27 10:00,2025-02-27 11:00,昼寝
1,2025-02-27 15:00,2025-02-27 17:00,昼寝
1,2025-02-28 22:00,2025-03-01 06:00,夜間
1,2025-02-28 10:00,2025-02-28 12:00,昼寝
1,2025-02-28 15:00,2025-02-28 17:00,昼寝
1,2025-03-01 22:00,2025-03-02 06:00,夜間
1,2025-03-01 10:00,2025-03-01 11:00,昼寝
1,2025-03-01 15:00,2025-03-01 17:00,昼寝
1,2025-03-02 22:00,2025-03-03 06:00,夜間
1,2025-03-02 10:00,2025-03-02 12:00,昼寝
1,2025-03-02 15:00,2025-03-02 16:00,昼寝
1,2025-03-03 22:00,2025-03-04 06:00,夜間
1,2025-03-03 10:00,2025-03-03 11:00,昼寝
1,2025-03-03 15:00,2025-03-03 16:00,昼寝
1,2025-03-04 22:00,2025-03-05 06:00,夜間
1,2025-03-04 10:00,2025-03-04 12:00,昼寝
1,2025-03-04 15:00,2025-03-04 16:00,昼寝
1,2025-03-05 22:00,2025-03-06 06:00,夜間
1,2025-03-05 10:00,2025-03-05 11:00,昼寝
1,2025-03-05 15:00,2025-03-05 17:00,昼寝
1,2025-03-06 22:00,2025-03-07 06:00,夜間
1,2025-03-06 10:00,2025-03-06 11:00,昼寝
1,2025-03-06 15:00,2025-03-06 16:00,昼寝
1,2025-03-07 22:00,2025-03-08 06:00,夜間
1,2025-03-07 10:00,2025-03-07 12:00,昼寝
1,2025-03-07 15:00,2025-03-07 16:00,昼寝
1,2025-03-08 22:00,2025-03-09 06:00,夜間
1,2025-03-08 10:00,2025-03-08 11:00,昼寝
1,2025-03-08 15:00,2025-03-08 16:00,昼寝
1,2025-03-09 22:00,2025-03-10 06:00,夜間
1,2025-03-09 10:00,2025-03-09 11:00,昼寝
1,2025-03-09 15:00,2025-03-09 17:00,昼寝
1,2025-03-10 22:00,2025-03-11 06:00,夜間
1,2025-03-10 10:00,2025-03-10 11:00,昼寝
1,2025-03-10 15:00,2025-03-10 16:00,昼寝
1,2025-03-11 22:00,2025-03-12 06:00,夜間
1,2025-03-11 10:00,2025-03-11 12:00,昼寝
1,2025-03-11 15:00,2025-03-11 17:00,昼寝
1,2025-03-12 22:00,2025-03-13 06:00,夜間
1,2025-03-12 10:00,2025-03-12 11:00,昼寝
1,2025-03-12 15:00,2025-03-12 16:00,昼寝
1,2025-03-13 22:00,2025-03-14 06:00,夜間
1,2025-03-13 10:00,2025-03-13 12:00,昼寝
1,2025-03-13 15:00,2025-03-13 16:00,昼寝
1,2025-03-14 22:00,2025-03-15 06:00,夜間
1,2025-03-14 10:00,2025-03-14 12:00,昼寝
1,2025-03-14 15:00,2025-03-14 16:00,昼寝
1,2025-03-15 22:00,2025-03-16 06:00,夜間
1,2025-03-15 10:00,2025-03-15 12:00,昼寝
1,2025-03-15 15:00,2025-03-15 17:00,昼寝
1,2025-03-16 22:00,2025-03-17 06:00,夜間
1,2025-03-16 10:00,2025-03-16 12:00,昼寝
1,2025-03-16 15:00,2025-03-16 16:00,昼寝
1,2025-03-17 22:00,2025-03-18 06:00,夜間
1,2025-03-17 10:00,2025-03-17 11:00,昼寝
1,2025-03-17 15:00,2025-03-17 16:00,昼寝
1,2025-03-18 22:00,2025-03-19 06:00,夜間
1,2025-03-18 10:00,2025-03-18 11:00,昼寝
1,2025-03-18 15:00,2025-03-18 17:00,昼寝
1,2025-03-19 22:00,2025-03-20 06:00,夜間
1,2025-03-19 10:00,2025-03-19 12:00,昼寝
1,2025-03-19 15:00,2025-03-19 17:00,昼寝
1,2025-03-20 22:00,2025-03-21 06:00,夜間
1,2025-03-20 10:00,2025-03-20 12:00,昼寝
1,2025-03-20 15:00,2025-03-20 17:00,昼寝
1,2025-03-21 22:00,2025-03-22 06:00,夜間
1,2025-03-21 10:00,2025-03-21 11:00,昼寝
1,2025-03-21 15:00,2025-03-21 16:00,昼寝
1,2025-03-22 22:00,2025-03-23 06:00,夜間
1,2025-03-22 10:00,2025-03-22 12:00,昼寝
1,2025-03-22 15:00,2025-03-22 17:00,昼寝
1,2025-03-23 22:00,2025-03-24 06:00,夜間
1,2025-03-23 10:00,2025-03-23 12:00,昼寝
1,2025-03-23 15:00,2025-03-23 17:00,昼寝
1,2025-03-24 22:00,2025-03-25 06:00,夜間
1,2025-03-24 10:00,2025-03-24 11:00,昼寝
1,2025-03-24 15:00,2025-03-24 17:00,昼寝
1,2025-03-25 22:00,2025-03-26 06:00,夜間
1,2025-03-25 10:00,2025-03-25 12:00,昼寝
1,2025-03-25 15:00,2025-03-25 17:00,昼寝
1,2025-03-26 22:00,2025-03-27 06:00,夜間
1,2025-03-26 10:00,2025-03-26 11:00,昼寝
1,2025-03-26 15:00,2025-03-26 17:00,昼寝
1,2025-03-27 22:00,2025-03-28 06:00,夜間
1,2025-03-27 10:00,2025-03-27 12:00,昼寝
1,2025-03-27 15:00,2025-03-27 17:00,昼寝
1,2025-03-28 22:00,2025-03-29 06:00,夜間
1,2025-03-28 10:00,2025-03-28 11:00,昼寝
1,2025-03-28 15:00,2025-03-28 16:00,昼寝
1,2025-03-29 22:00,2025-03-30 06:00,夜間
1,2025-03-29 10:00,2025-03-29 11:00,昼寝
1,2025-03-29 15:00,2025-03-29 17:00,昼寝
1,2025-03-30 22:00,2025-03-31 06:00,夜間
1,2025-03-30 10:00,2025-03-30 11:00,昼寝
1,2025-03-30 15:00,2025-03-30 17:00,昼寝
1,2025-03-31 22:00,2025-04-01 06:00,夜間
1,2025-03-31 10:00,2025-03-31 11:00,昼寝
1,2025-03-31 15:00,2025-03-31 16:00,昼寝
1,2025-04-01 22:00,2025-04-02 06:00,夜間
1,2025-04-01 10:00,2025-04-01 12:00,昼寝
1,2025-04-01 15:00,2025-04-01 17:00,昼寝
1,2025-04-02 22:00,2025-04-03 06:00,夜間
1,2025-04-02 10:00,2025-04-02 11:00,昼寝
1,2025-04-02 15:00,2025-04-02 17:00,昼寝
1,2025-04-03 22:00,2025-04-04 06:00,夜間
1,2025-04-03 10:00,2025-04-03 12:00,昼寝
1,2025-04-03 15:00,2025-04-03 16:00,昼寝
1,2025-04-04 22:00,2025-04-05 06:00,夜間
1,2025-04-04 10:00,2025-04-04 11:00,昼寝
1,2025-04-04 15:00,2025-04-04 16:00,昼寝
1,2025-04-05 22:00,2025-04-06 06:00,夜間
1,2025-04-05 10:00,2025-04-05 11:00,昼寝
1,2025-04-05 15:00,2025-04-05 17:00,昼寝
1,2025-04-06 22:00,2025-04-07 06:00,夜間
1,2025-04-06 10:00,2025-04-06 11:00,昼寝
1,2025-04-06 15:00,2025-04-06 16:00,昼寝
1,2025-04-07 22:00,2025-04-08 06:00,夜間
1,2025-04-07 10:00,2025-04-07 11:00,昼寝
1,2025-04-07 15:00,2025-04-07 16:00,昼寝
1,2025-04-08 22:00,2025-04-09 06:00,夜間
1,2025-04-08 10:00,2025-04-08 11:00,昼寝
1,2025-04-08 15:00,2025-04-08 17:00,昼寝
1,2025-04-09 22:00,2025-04-10 06:00,夜間
1,2025-04-09 10:00,2025-04-09 11:00,昼寝
1,2025-04-09 15:00,2025-04-09 17:00,昼寝
1,2025-04-10 22:00,2025-04-11 06:00,夜間
1,2025-04-10 10:00,2025-04-10 12:00,昼寝
1,2025-04-10 15:00,2025-04-10 17:00,昼寝
1,2025-04-11 22:00,2025-04-12 06:00,夜間
1,2025-04-11 10:00,2025-04-11 11:00,昼寝
1,2025-04-11 15:00,2025-04-11 16:00,昼寝
1,2025-04-12 22:00,2025-04-13 06:00,夜間
1,2025-04-12 10:00,2025-04-12 11:00,昼寝
1,2025-04-12 15:00,2025-04-12 17:00,昼寝
1,2025-04-13 22:00,2025-04-14 06:00,夜間
1,2025-04-13 10:00,2025-04-13 11:00,昼寝
1,2025-04-13 15:00,2025-04-13 17:00,昼寝
1,2025-04-14 22:00,2025-04-15 06:00,夜間
1,2025-04-14 10:00,2025-04-14 12:00,昼寝
1,2025-04-14 15:00,2025-04-14 16:00,昼寝
1,2025-04-15 22:00,2025-04-16 06:00,夜間
1,2025-04-15 10:00,2025-04-15 11:00,昼寝
1,2025-04-15 15:00,2025-04-15 17:00,昼寝
1,2025-04-16 22:00,2025-04-17 06:00,夜間
1,2025-04-16 10:00,2025-04-16 12:00,昼寝
1,2025-04-16 15:00,2025-04-16 17:00,昼寝
1,2025-04-17 22:00,2025-04-18 06:00,夜間
1,2025-04-17 10:00,2025-04-17 11:00,昼寝
1,2025-04-17 15:00,2025-04-17 16:00,昼寝
1,2025-04-18 22:00,2025-04-19 06:00,夜間
1,2025-04-18 10:00,2025-04-18 11:00,昼寝
1,2025-04-18 15:00,2025-04-18 16:00,昼寝
1,2025-04-19 22:00,2025-04-20 06:00,夜間
1,2025-04-19 10:00,2025-04-19 12:00,昼寝
1,2025-04-19 15:00,2025-04-19 17:00,昼寝
1,2025-04-20 22:00,2025-04-21 06:00,夜間
1,2025-04-20 10:00,2025-04-20 11:00,昼寝
1,2025-04-20 15:00,2025-04-20 16:00,昼寝
1,2025-04-21 22:00,2025-04-22 06:00,夜間
1,2025-04-21 10:00,2025-04-21 11:00,昼寝
1,2025-04-21 15:00,2025-04-21 16:00,昼寝
1,2025-04-22 22:00,2025-04-23 06:00,夜間
1,2025-04-22 10:00,2025-04-22 12:00,昼寝
1,2025-04-22 15:00,2025-04-22 16:00,昼寝
1,2025-04-23 22:00,2025-04-24 06:00,夜間
1,2025-04-23 10:00,2025-04-23 11:00,昼寝
1,2025-04-23 15:00,2025-04-23 16:00,昼寝
1,2025-04-24 22:00,2025-04-25 06:00,夜間
1,2025-04-24 10:00,2025-04-24 11:00,昼寝
1,2025-04-24 15:00,2025-04-24 17:00,昼寝
1,2025-04-25 22:00,2025-04-26 06:00,夜間
1,2025-04-25 10:00,2025-04-25 11:00,昼寝
1,2025-04-25 15:00,2025-04-25 16:00,昼寝
1,2025-04-26 22:00,2025-04-27 06:00,夜間
1,2025-04-26 10:00,2025-04-26 12:00,昼寝
1,2025-04-26 15:00,2025-04-26 17:00,昼寝
1,2025-04-27 22:00,2025-04-28 06:00,夜間
1,2025-04-27 10:00,2025-04-27 12:00,昼寝
1,2025-04-27 15:00,2025-04-27 16:00,昼寝
1,2025-04-28 22:00,2025-04-29 06:00,夜間
1,2025-04-28 10:00,2025-04-28 12:00,昼寝
1,2025-04-28 15:00,2025-04-28 17:00,昼寝
1,2025-04-29 22:00,2025-04-30 06:00,夜間
1,2025-04-29 10:00,2025-04-29 11:00,昼寝
1,2025-04-29 15:00,2025-04-29 17:00,昼寝
1,2025-04-30 22:00,2025-05-01 06:00,夜間
1,2025-04-30 10:00,2025-04-30 11:00,昼寝
1,2025-04-30 15:00,2025-04-30 16:00,昼寝
1,2025-05-01 22:00,2025-05-02 06:00,夜間
1,2025-05-01 10:00,2025-05-01 12:00,昼寝
1,2025-05-01 15:00,2025-05-01 16:00,昼寝
1,2025-05-02 22:00,2025-05-03 06:00,夜間
1,2025-05-02 10:00,2025-05-02 11:00,昼寝
1,2025-05-02 15:00,2025-05-02 16:00,昼寝
1,2025-05-03 22:00,2025-05-04 06:00,夜間
1,2025-05-03 10:00,2025-05-03 12:00,昼寝
1,2025-05-03 15:00,2025-05-03 16:00,昼寝
1,2025-05-04 22:00,2025-05-05 06:00,夜間
1,2025-05-04 10:00,2025-05-04 11:00,昼寝
1,2025-05-04 15:00,2025-05-04 17:00,昼寝
1,2025-05-05 22:00,2025-05-06 06:00,夜間
1,2025-05-05 10:00,2025-05-05 12:00,昼寝
1,2025-05-05 15:00,2025-05-05 17:00,昼寝
1,2025-05-06 22:00,2025-05-07 06:00,夜間
1,2025-05-06 10:00,2025-05-06 12:00,昼寝
1,2025-05-06 15:00,2025-05-06 16:00,昼寝
1,2025-05-07 22:00,2025-05-08 06:00,夜間
1,2025-05-07 10:00,2025-05-07 11:00,昼寝
1,2025-05-07 15:00,2025-05-07 16:00,昼寝
1,2025-05-08 22:00,2025-05-09 06:00,夜間
1,2025-05-08 10:00,2025-05-08 12:00,昼寝
1,2025-05-08 15:00,2025-05-08 17:00,昼寝
1,2025-05-09 22:00,2025-05-10 06:00,夜間
1,2025-05-09 10:00,2025-05-09 11:00,昼寝
1,2025-05-09 15:00,2025-05-09 17:00,昼寝
1,2025-05-10 22:00,2025-05-11 06:00,夜間
1,2025-05-10 10:00,2025-05-10 12:00,昼寝
1,2025-05-10 15:00,2025-05-10 17:00,昼寝
1,2025-05-11 22:00,2025-05-12 06:00,夜間
1,2025-05-11 10:00,2025-05-11 11:00,昼寝
1,2025-05-11 15:00,2025-05-11 17:00,昼寝
1,2025-05-12 22:00,2025-05-13 06:00,夜間
1,2025-05-12 10:00,2025-05-12 11:00,昼寝
1,2025-05-12 15:00,2025-05-12 16:00,昼寝
1,2025-05-13 22:00,2025-05-14 06:00,夜間
1,2025-05-13 10:00,2025-05-13 12:00,昼寝
1,2025-05-13 15:00,2025-05-13 17:00,昼寝
1,2025-05-14 22:00,2025-05-15 06:00,夜間
1,2025-05-14 10:00,2025-05-14 12:00,昼寝
1,2025-05-14 15:00,2025-05-14 16:00,昼寝
1,2025-05-15 22:00,2025-05-16 06:00,夜間
1,2025-05-15 10:00,2025-05-15 12:00,昼寝
1,2025-05-15 15:00,2025-05-15 16:00,昼寝
1,2025-05-16 22:00,2025-05-17 06:00,夜間
1,2025-05-16 10:00,2025-05-16 11:00,昼寝
1,2025-05-16 15:00,2025-05-16 17:00,昼寝
1,2025-05-17 22:00,2025-05-18 06:00,夜間
1,2025-05-17 10:00,2025-05-17 11:00,昼寝
1,2025-05-17 15:00,2025-05-17 17:00,昼寝
1,2025-05-18 22:00,2025-05-19 06:00,夜間
1,2025-05-18 10:00,2025-05-18 12:00,昼寝
1,2025-05-18 15:00,2025-05-18 17:00,昼寝
1,2025-05-19 22:00,2025-05-20 06:00,夜間
1,2025-05-19 10:00,2025-05-19 12:00,昼寝
1,2025-05-19 15:00,2025-05-19 17:00,昼寝
1,2025-05-20 22:00,2025-05-21 06:00,夜間
1,2025-05-20 10:00,2025-05-20 12:00,昼寝
1,2025-05-20 15:00,2025-05-20 17:00,昼寝
1,2025-05-21 22:00,2025-05-22 06:00,夜間
1,2025-05-21 10:00,2025-05-21 11:00,昼寝
1,2025-05-21 15:00,2025-05-21 16:00,昼寝
1,2025-05-22 22:00,2025-05-23 06:00,夜間
1,2025-05-22 10:00,2025-05-22 11:00,昼寝
1,2025-05-22 15:00,2025-05-22 17:00,昼寝
1,2025-05-23 22:00,2025-05-24 06:00,夜間
1,2025-05-23 10:00,2025-05-23 11:00,昼寝
1,2025-05-23 15:00,2025-05-23 17:00,昼寝
1,2025-05-24 22:00,2025-05-25 06:00,夜間
1,2025-05-24 10:00,2025-05-24 12:00,昼寝
1,2025-05-24 15:00,2025-05-24 16:00,昼寝
1,2025-05-25 22:00,2025-05-26 06:00,夜間
1,2025-05-25 10:00,2025-05-25 11:00,昼寝
1,2025-05-25 15:00,2025-05-25 16:00,昼寝
1,2025-05-26 22:00,2025-05-27 06:00,夜間
1,2025-05-26 10:00,2025-05-26 12:00,昼寝
1,2025-05-26 15:00,2025-05-26 17:00,昼寝
1,2025-05-27 22:00,2025-05-28 06:00,夜間
1,2025-05-27 10:00,2025-05-27 11:00,昼寝
1,2025-05-27 15:00,2025-05-27 16:00,昼寝
1,2025-05-28 22:00,2025-05-29 06:00,夜間
1,2025-05-28 10:00,2025-05-28 12:00,昼寝
1,2025-05-28 15:00,2025-05-28 17:00,昼寝
1,2025-05-29 22:00,2025-05-30 06:00,夜間
1,2025-05-29 10:00,2025-05-29 12:00,昼寝
1,2025-05-29 15:00,2025-05-29 17:00,昼寝
1,2025-05-30 22:00,2025-05-31 06:00,夜間
1,2025-05-30 10:00,2025-05-30 11:00,昼寝
1,2025-05-30 15:00,2025-05-30 16:00,昼寝
1,2025-05-31 22:00,2025-06-01 06:00,夜間
1,2025-05-31 10:00,2025-05-31 12:00,昼寝
1,2025-05-31 15:00,2025-05-31 17:00,昼寝
1,2025-06-01 22:00,2025-06-02 06:00,夜間
1,2025-06-01 10:00,2025-06-01 12:00,昼寝
1,2025-06-01 15:00,2025-06-01 17:00,昼寝
1,2025-06-02 22:00,2025-06-03 06:00,夜間
1,2025-06-02 10:00,2025-06-02 11:00,昼寝
1,2025-06-02 15:00,2025-06-02 16:00,昼寝
1,2025-06-03 22:00,2025-06-04 06:00,夜間
1,2025-06-03 10:00,2025-06-03 12:00,昼寝
1,2025-06-03 15:00,2025-06-03 17:00,昼寝
1,2025-06-04 22:00,2025-06-05 06:00,夜間
1,2025-06-04 10:00,2025-06-04 11:00,昼寝
1,2025-06-04 15:00,2025-06-04 17:00,昼寝
1,2025-06-05 22:00,2025-06-06 06:00,夜間
1,2025-06-05 10:00,2025-06-05 12:00,昼寝
1,2025-06-05 15:00,2025-06-05 16:00,昼寝
1,2025-06-06 22:00,2025-06-07 06:00,夜間
1,2025-06-06 10:00,2025-06-06 11:00,昼寝
1,2025-06-06 15:00,2025-06-06 16:00,昼寝
1,2025-06-07 22:00,2025-06-08 06:00,夜間
1,2025-06-07 10:00,2025-06-07 11:00,昼寝
1,2025-06-07 15:00,2025-06-07 16:00,昼寝
1,2025-06-08 22:00,2025-06-09 06:00,夜間
1,2025-06-08 10:00,2025-06-08 11:00,昼寝
1,2025-06-08 15:00,2025-06-08 17:00,昼寝
1,2025-06-09 22:00,2025-06-10 06:00,夜間
1,2025-06-09 10:00,2025-06-09 12:00,昼寝
1,2025-06-09 15:00,2025-06-09 17:00,昼寝
1,2025-06-10 22:00,2025-06-11 06:00,夜間
1,2025-06-10 10:00,2025-06-10 12:00,昼寝
1,2025-06-10 15:00,2025-06-10 17:00,昼寝
1,2025-06-11 22:00,2025-06-12 06:00,夜間
1,2025-06-11 10:00,2025-06-11 11:00,昼寝
1,2025-06-11 15:00,2025-06-11 17:00,昼寝
1,2025-06-12 22:00,2025-06-13 06:00,夜間
1,2025-06-12 10:00,2025-06-12 12:00,昼寝
1,2025-06-12 15:00,2025-06-12 16:00,昼寝
1,2025-06-13 22:00,2025-06-14 06:00,夜間
1,2025-06-13 10:00,2025-06-13 11:00,昼寝
1,2025-06-13 15:00,2025-06-13 17:00,昼寝
1,2025-06-14 22:00,2025-06-15 06:00,夜間
1,2025-06-14 10:00,2025-06-14 12:00,昼寝
1,2025-06-14 15:00,2025-06-14 16:00,昼寝
1,2025-06-15 22:00,2025-06-16 06:00,夜間
1,2025-06-15 10:00,2025-06-15 11:00,昼寝
1,2025-06-15 15:00,2025-06-15 16:00,昼寝
1,2025-06-16 22:00,2025-06-17 06:00,夜間
1,2025-06-16 10:00,2025-06-16 11:00,昼寝
1,2025-06-16 15:00,2025-06-16 16:00,昼寝
1,2025-06-17 22:00,2025-06-18 06:00,夜間
1,2025-06-17 10:00,2025-06-17 12:00,昼寝
1,2025-06-17 15:00,2025-06-17 16:00,昼寝
1,2025-06-18 22:00,2025-06-19 06:00,夜間
1,2025-06-18 10:00,2025-06-18 12:00,昼寝
1,2025-06-18 15:00,2025-06-18 17:00,昼寝
1,2025-06-19 22:00,2025-06-20 06:00,夜間
1,2025-06-19 10:00,2025-06-19 12:00,昼寝
1,2025-06-19 15:00,2025-06-19 17:00,昼寝
1,2025-06-20 22:00,2025-06-21 06:00,夜間
1,2025-06-20 10:00,2025-06-20 12:00,昼寝
1,2025-06-20 15:00,2025-06-20 16:00,昼寝
1,2025-06-21 22:00,2025-06-22 06:00,夜間
1,2025-06-21 10:00,2025-06-21 12:00,昼寝
1,2025-06-21 15:00,2025-06-21 16:00,昼寝
1,2025-06-22 22:00,2025-06-23 06:00,夜間
1,2025-06-22 10:00,2025-06-22 11:00,昼寝
1,2025-06-22 15:00,2025-06-22 16:00,昼寝
1,2025-06-23 22:00,2025-06-24 06:00,夜間
1,2025-06-23 10:00,2025-06-23 12:00,昼寝
1,2025-06-23 15:00,2025-06-23 17:00,昼寝
1,2025-06-24 22:00,2025-06-25 06:00,夜間
1,2025-06-24 10:00,2025-06-24 12:00,昼寝
1,2025-06-24 15:00,2025-06-24 16:00,昼寝
1,2025-06-25 22:00,2025-06-26 06:00,夜間
1,2025-06-25 10:00,2025-06-25 12:00,昼寝
1,2025-06-25 15:00,2025-06-25 17:00,昼寝
1,2025-06-26 22:00,2025-06-27 06:00,夜間
1,2025-06-26 10:00,2025-06-26 12:00,昼寝
1,2025-06-26 15:00,2025-06-26 17:00,昼寝
1,2025-06-27 22:00,2025-06-28 06:00,夜間
1,2025-06-27 10:00,2025-06-27 12:00,昼寝
1,2025-06-27 15:00,2025-06-27 16:00,昼寝
1,2025-06-28 22:00,2025-06-29 06:00,夜間
1,2025-06-28 10:00,2025-06-28 11:00,昼寝
1,2025-06-28 15:00,2025-06-28 16:00,昼寝
1,2025-06-29 22:00,2025-06-30 06:00,夜間
1,2025-06-29 10:00,2025-06-29 11:00,昼寝
1,2025-06-29 15:00,2025-06-29 17:00,昼寝
1,2025-06-30 22:00,2025-07-01 06:00,夜間
1,2025-06-30 10:00,2025-06-30 11:00,昼寝
1,2025-06-30 15:00,2025-06-30 16:00,昼寝
1,2025-07-01 22:00,2025-07-02 06:00,夜間
1,2025-07-01 10:00,2025-07-01 11:00,昼寝
1,2025-07-01 15:00,2025-07-01 16:00,昼寝
1,2025-07-02 22:00,2025-07-03 06:00,夜間
1,2025-07-02 10:00,2025-07-02 12:00,昼寝
1,2025-07-02 15:00,2025-07-02 16:00,昼寝
1,2025-07-03 22:00,2025-07-04 06:00,夜間
1,2025-07-03 10:00,2025-07-03 11:00,昼寝
1,2025-07-03 15:00,2025-07-03 16:00,昼寝
1,2025-07-04 22:00,2025-07-05 06:00,夜間
1,2025-07-04 10:00,2025-07-04 12:00,昼寝
1,2025-07-04 15:00,2025-07-04 17:00,昼寝
1,2025-07-05 22:00,2025-07-06 06:00,夜間
1,2025-07-05 10:00,2025-07-05 12:00,昼寝
1,2025-07-05 15:00,2025-07-05 16:00,昼寝
1,2025-07-06 22:00,2025-07-07 06:00,夜間
1,2025-07-06 10:00,2025-07-06 11:00,昼寝
1,2025-07-06 15:00,2025-07-06 16:00,昼寝
1,2025-07-07 22:00,2025-07-08 06:00,夜間
1,2025-07-07 10:00,2025-07-07 12:00,昼寝
1,2025-07-07 15:00,2025-07-07 16:00,昼寝
1,2025-07-08 22:00,2025-07-09 06:00,夜間
1,2025-07-08 10:00,2025-07-08 11:00,昼寝
1,2025-07-08 15:00,2025-07-08 17:00,昼寝
1,2025-07-09 22:00,2025-07-10 06:00,夜間
1,2025-07-09 10:00,2025-07-09 11:00,昼寝
1,2025-07-09 15:00,2025-07-09 16:00,昼寝
1,2025-07-10 22:00,2025-07-11 06:00,夜間
1,2025-07-10 10:00,2025-07-10 12:00,昼寝
1,2025-07-10 15:00,2025-07-10 16:00,昼寝
1,2025-07-11 22:00,2025-07-12 06:00,夜間
1,2025-07-11 10:00,2025-07-11 12:00,昼寝
1,2025-07-11 15:00,2025-07-11 16:00,昼寝
1,2025-07-12 22:00,2025-07-13 06:00,夜間
1,2025-07-12 10:00,2025-07-12 12:00,昼寝
1,2025-07-12 15:00,2025-07-12 17:00,昼寝
1,2025-07-13 22:00,2025-07-14 06:00,夜間
1,2025-07-13 10:00,2025-07-13 12:00,昼寝
1,2025-07-13 15:00,2025-07-13 17:00,昼寝
1,2025-07-14 22:00,2025-07-15 06:00,夜間
1,2025-07-14 10:00,2025-07-14 11:00,昼寝
1,2025-07-14 15:00,2025-07-14 16:00,昼寝
1,2025-07-15 22:00,2025-07-16 06:00,夜間
1,2025-07-15 10:00,2025-07-15 12:00,昼寝
1,2025-07-15 15:00,2025-07-15 17:00,昼寝
1,2025-07-16 22:00,2025-07-17 06:00,夜間
1,2025-07-16 10:00,2025-07-16 12:00,昼寝
1,2025-07-16 15:00,2025-07-16 17:00,昼寝
1,2025-07-17 22:00,2025-07-18 06:00,夜間
1,2025-07-17 10:00,2025-07-17 11:00,昼寝
1,2025-07-17 15:00,2025-07-17 16:00,昼寝
1,2025-07-18 22:00,2025-07-19 06:00,夜間
1,2025-07-18 10:00,2025-07-18 12:00,昼寝
1,2025-07-18 15:00,2025-07-18 17:00,昼寝
1,2025-07-19 22:00,2025-07-20 06:00,夜間
1,2025-07-19 10:00,2025-07-19 11:00,昼寝
1,2025-07-19 15:00,2025-07-19 16:00,昼寝
1,2025-07-20 22:00,2025-07-21 06:00,夜間
1,2025-07-20 10:00,2025-07-20 11:00,昼寝
1,2025-07-20 15:00,2025-07-20 17:00,昼寝
1,2025-07-21 22:00,2025-07-22 06:00,夜間
1,2025-07-21 10:00,2025-07-21 12:00,昼寝
1,2025-07-21 15:00,2025-07-21 17:00,昼寝
1,2025-07-22 22:00,2025-07-23 06:00,夜間
1,2025-07-22 10:00,2025-07-22 11:00,昼寝
1,2025-07-22 15:00,2025-07-22 17:00,昼寝
1,2025-07-23 22:00,2025-07-24 06:00,夜間
1,2025-07-23 10:00,2025-07-23 12:00,昼寝
1,2025-07-23 15:00,2025-07-23 17:00,昼寝
1,2025-07-24 22:00,2025-07-25 06:00,夜間
1,2025-07-24 10:00,2025-07-24 12:00,昼寝
1,2025-07-24 15:00,2025-07-24 16:00,昼寝
1,2025-07-25 22:00,2025-07-26 06:00,夜間
1,2025-07-25 10:00,2025-07-25 11:00,昼寝
1,2025-07-25 15:00,2025-07-25 17:00,昼寝
1,2025-07-26 22:00,2025-07-27 06:00,夜間
1,2025-07-26 10:00,2025-07-26 11:00,昼寝
1,2025-07-26 15:00,2025-07-26 16:00,昼寝
1,2025-07-27 22:00,2025-07-28 06:00,夜間
1,2025-07-27 10:00,2025-07-27 11:00,昼寝
1,2025-07-27 15:00,2025-07-27 16:00,昼寝
1,2025-07-28 22:00,2025-07-29 06:00,夜間
1,2025-07-28 10:00,2025-07-28 12:00,昼寝
1,2025-07-28 15:00,2025-07-28 16:00,昼寝
1,2025-07-29 22:00,2025-07-30 06:00,夜間
1,2025-07-29 10:00,2025-07-29 11:00,昼寝
1,2025-07-29 15:00,2025-07-29 16:00,昼寝
1,2025-07-30 22:00,2025-07-31 06:00,夜間
1,2025-07-30 10:00,2025-07-30 12:00,昼寝
1,2025-07-30 15:00,2025-07-30 17:00,昼寝
1,2025-07-31 22:00,2025-08-01 06:00,夜間
1,2025-07-31 10:00,2025-07-31 12:00,昼寝
1,2025-07-31 15:00,2025-07-31 16:00,昼寝
1,2025-08-01 22:00,2025-08-02 06:00,夜間
1,2025-08-01 10:00,2025-08-01 11:00,昼寝
1,2025-08-01 15:00,2025-08-01 17:00,昼寝
1,2025-08-02 22:00,2025-08-03 06:00,夜間
1,2025-08-02 10:00,2025-08-02 11:00,昼寝
1,2025-08-02 15:00,2025-08-02 17:00,昼寝
1,2025-08-03 22:00,2025-08-04 06:00,夜間
1,2025-08-03 10:00,2025-08-03 12:00,昼寝
1,2025-08-03 15:00,2025-08-03 16:00,昼寝
1,2025-08-04 22:00,2025-08-05 06:00,夜間
1,2025-08-04 10:00,2025-08-04 12:00,昼寝
1,2025-08-04 15:00,2025-08-04 16:00,昼寝
1,2025-08-05 22:00,2025-08-06 06:00,夜間
1,2025-08-05 10:00,2025-08-05 11:00,昼寝
1,2025-08-05 15:00,2025-08-05 16:00,昼寝
1,2025-08-06 22:00,2025-08-07 06:00,夜間
1,2025-08-06 10:00,2025-08-06 12:00,昼寝
1,2025-08-06 15:00,2025-08-06 16:00,昼寝
1,2025-08-07 22:00,2025-08-08 06:00,夜間
1,2025-08-07 10:00,2025-08-07 11:00,昼寝
1,2025-08-07 15:00,2025-08-07 17:00,昼寝
1,2025-08-08 22:00,2025-08-09 06:00,夜間
1,2025-08-08 10:00,2025-08-08 12:00,昼寝
1,2025-08-08 15:00,2025-08-08 17:00,昼寝
1,2025-08-09 22:00,2025-08-10 06:00,夜間
1,2025-08-09 10:00,2025-08-09 11:00,昼寝
1,2025-08-09 15:00,2025-08-09 17:00,昼寝
1,2025-08-10 22:00,2025-08-11 06:00,夜間
1,2025-08-10 10:00,2025-08-10 11:00,昼寝
1,2025-08-10 15:00,2025-08-10 17:00,昼寝
1,2025-08-11 22:00,2025-08-12 06:00,夜間
1,2025-08-11 10:00,2025-08-11 12:00,昼寝
1,2025-08-11 15:00,2025-08-11 16:00,昼寝
1,2025-08-12 22:00,2025-08-13 06:00,夜間
1,2025-08-12 10:00,2025-08-12 11:00,昼寝
1,2025-08-12 15:00,2025-08-12 17:00,昼寝
1,2025-08-13 22:00,2025-08-14 06:00,夜間
1,2025-08-13 10:00,2025-08-13 11:00,昼寝
1,2025-08-13 15:00,2025-08-13 16:00,昼寝
1,2025-08-14 22:00,2025-08-15 06:00,夜間
1,2025-08-14 10:00,2025-08-14 12:00,昼寝
1,2025-08-14 15:00,2025-08-14 17:00,昼寝
1,2025-08-15 22:00,2025-08-16 06:00,夜間
1,2025-08-15 10:00,2025-08-15 12:00,昼寝
1,2025-08-15 15:00,2025-08-15 17:00,昼寝
1,2025-08-16 22:00,2025-08-17 06:00,夜間
1,2025-08-16 10:00,2025-08-16 11:00,昼寝
1,2025-08-16 15:00,2025-08-16 17:00,昼寝
1,2025-08-17 22:00,2025-08-18 06:00,夜間
1,2025-08-17 10:00,2025-08-17 11:00,昼寝
1,2025-08-17 15:00,2025-08-17 17:00,昼寝
1,2025-08-18 22:00,2025-08-19 06:00,夜間
1,2025-08-18 10:00,2025-08-18 11:00,昼寝
1,2025-08-18 15:00,2025-08-18 16:00,昼寝
1,2025-08-19 22:00,2025-08-20 06:00,夜間
1,2025-08-19 10:00,2025-08-19 12:00,昼寝
1,2025-08-19 15:00,2025-08-19 16:00,昼寝
1,2025-08-20 22:00,2025-08-21 06:00,夜間
1,2025-08-20 10:00,2025-08-20 11:00,昼寝
1,2025-08-20 15:00,2025-08-20 16:00,昼寝
1,2025-08-21 22:00,2025-08-22 06:00,夜間
1,2025-08-21 10:00,2025-08-21 12:00,昼寝
1,2025-08-21 15:00,2025-08-21 17:00,昼寝
1,2025-08-22 22:00,2025-08-23 06:00,夜間
1,2025-08-22 10:00,2025-08-22 12:00,昼寝
1,2025-08-22 15:00,2025-08-22 17:00,昼寝
1,2025-08-23 22:00,2025-08-24 06:00,夜間
1,2025-08-23 10:00,2025-08-23 11:00,昼寝
1,2025-08-23 15:00,2025-08-23 16:00,昼寝
1,2025-08-24 22:00,2025-08-25 06:00,夜間
1,2025-08-24 10:00,2025-08-24 12:00,昼寝
1,2025-08-24 15:00,2025-08-24 16:00,昼寝
1,2025-08-25 22:00,2025-08-26 06:00,夜間
1,2025-08-25 10:00,2025-08-25 12:00,昼寝
1,2025-08-25 15:00,2025-08-25 17:00,昼寝
1,2025-08-26 22:00,2025-08-27 06:00,夜間
1,2025-08-26 10:00,2025-08-26 11:00,昼寝
1,2025-08-26 15:00,2025-08-26 16:00,昼寝
1,2025-08-27 22:00,2025-08-28 06:00,夜間
1,2025-08-27 10:00,2025-08-27 11:00,昼寝
1,2025-08-27 15:00,2025-08-27 17:00,昼寝
1,2025-08-28 22:00,2025-08-29 06:00,夜間
1,2025-08-28 10:00,2025-08-28 11:00,昼寝
1,2025-08-28 15:00,2025-08-28 16:00,昼寝
1,2025-08-29 22:00,2025-08-30 06:00,夜間
1,2025-08-29 10:00,2025-08-29 11:00,昼寝
1,2025-08-29 15:00,2025-08-29 17:00,昼寝
1,2025-08-30 22:00,2025-08-31 06:00,夜間
1,2025-08-30 10:00,2025-08-30 12:00,昼寝
1,2025-08-30 15:00,2025-08-30 17:00,昼寝
1,2025-08-31 22:00,2025-09-01 06:00,夜間
1,2025-08-31 10:00,2025-08-31 12:00,昼寝
1,2025-08-31 15:00,2025-08-31 16:00,昼寝
1,2025-09-01 22:00,2025-09-02 06:00,夜間
1,2025-09-01 10:00,2025-09-01 12:00,昼寝
1,2025-09-01 15:00,2025-09-01 17:00,昼寝
1,2025-09-02 22:00,2025-09-03 06:00,夜間
1,2025-09-02 10:00,2025-09-02 12:00,昼寝
1,2025-09-02 15:00,2025-09-02 17:00,昼寝
1,2025-09-03 22:00,2025-09-04 06:00,夜間
1,2025-09-03 10:00,2025-09-03 11:00,昼寝
1,2025-09-03 15:00,2025-09-03 17:00,昼寝
1,2025-09-04 22:00,2025-09-05 06:00,夜間
1,2025-09-04 10:00,2025-09-04 11:00,昼寝
1,2025-09-04 15:00,2025-09-04 16:00,昼寝
1,2025-09-05 22:00,2025-09-06 06:00,夜間
1,2025-09-05 10:00,2025-09-05 12:00,昼寝
1,2025-09-05 15:00,2025-09-05 17:00,昼寝
1,2025-09-06 22:00,2025-09-07 06:00,夜間
1,2025-09-06 10:00,2025-09-06 12:00,昼寝
1,2025-09-06 15:00,2025-09-06 16:00,昼寝
1,2025-09-07 22:00,2025-09-08 06:00,夜間
1,2025-09-07 10:00,2025-09-07 11:00,昼寝
1,2025-09-07 15:00,2025-09-07 17:00,昼寝
1,2025-09-08 22:00,2025-09-09 06:00,夜間
1,2025-09-08 10:00,2025-09-08 11:00,昼寝
1,2025-09-08 15:00,2025-09-08 16:00,昼寝
1,2025-09-09 22:00,2025-09-10 06:00,夜間
1,2025-09-09 10:00,2025-09-09 12:00,昼寝
1,2025-09-09 15:00,2025-09-09 16:00,昼寝
1,2025-09-10 22:00,2025-09-11 06:00,夜間
1,2025-09-10 10:00,2025-09-10 12:00,昼寝
1,2025-09-10 15:00,2025-09-10 16:00,昼寝
1,2025-09-11 22:00,2025-09-12 06:00,夜間
1,2025-09-11 10:00,2025-09-11 12:00,昼寝
1,2025-09-11 15:00,2025-09-11 17:00,昼寝
1,2025-09-12 22:00,2025-09-13 06:00,夜間
1,2025-09-12 10:00,2025-09-12 11:00,昼寝
1,2025-09-12 15:00,2025-09-12 16:00,昼寝
1,2025-09-13 22:00,2025-09-14 06:00,夜間
1,2025-09-13 10:00,2025-09-13 11:00,昼寝
1,2025-09-13 15:00,2025-09-13 16:00,昼寝
1,2025-09-14 22:00,2025-09-15 06:00,夜間
1,2025-09-14 10:00,2025-09-14 12:00,昼寝
1,2025-09-14 15:00,2025-09-14 16:00,昼寝
1,2025-09-15 22:00,2025-09-16 06:00,夜間
1,2025-09-15 10:00,2025-09-15 11:00,昼寝
1,2025-09-15 15:00,2025-09-15 17:00,昼寝
1,2025-09-16 22:00,2025-09-17 06:00,夜間
1,2025-09-16 10:00,2025-09-16 11:00,昼寝
1,2025-09-16 15:00,2025-09-16 17:00,昼寝
1,2025-09-17 22:00,2025-09-18 06:00,夜間
1,2025-09-17 10:00,2025-09-17 12:00,昼寝
1,2025-09-17 15:00,2025-09-17 16:00,昼寝
1,2025-09-18 22:00,2025-09-19 06:00,夜間
1,2025-09-18 10:00,2025-09-18 12:00,昼寝
1,2025-09-18 15:00,2025-09-18 17:00,昼寝
1,2025-09-19 22:00,2025-09-20 06:00,夜間
1,2025-09-19 10:00,2025-09-19 11:00,昼寝
1,2025-09-19 15:00,2025-09-19 17:00,昼寝
1,2025-09-20 22:00,2025-09-21 06:00,夜間
1,2025-09-20 10:00,2025-09-20 12:00,昼寝
1,2025-09-20 15:00,2025-09-20 16:00,昼寝
1,2025-09-21 22:00,2025-09-22 06:00,夜間
1,2025-09-21 10:00,2025-09-21 12:00,昼寝
1,2025-09-21 15:00,2025-09-21 17:00,昼寝
1,2025-09-22 22:00,2025-09-23 06:00,夜間
1,2025-09-22 10:00,2025-09-22 12:00,昼寝
1,2025-09-22 15:00,2025-09-22 16:00,昼寝
1,2025-09-23 22:00,2025-09-24 06:00,夜間
1,2025-09-23 10:00,2025-09-23 12:00,昼寝
1,2025-09-23 15:00,2025-09-23 16:00,昼寝
1,2025-09-24 22:00,2025-09-25 06:00,夜間
1,2025-09-24 10:00,2025-09-24 11:00,昼寝
1,2025-09-24 15:00,2025-09-24 17:00,昼寝
1,2025-09-25 22:00,2025-09-26 06:00,夜間
1,2025-09-25 10:00,2025-09-25 11:00,昼寝
1,2025-09-25 15:00,2025-09-25 16:00,昼寝
1,2025-09-26 22:00,2025-09-27 06:00,夜間
1,2025-09-26 10:00,2025-09-26 12:00,昼寝
1,2025-09-26 15:00,2025-09-26 16:00,昼寝
1,2025-09-27 22:00,2025-09-28 06:00,夜間
1,2025-09-27 10:00,2025-09-27 12:00,昼寝
1,2025-09-27 15:00,2025-09-27 16:00,昼寝
1,2025-09-28 22:00,2025-09-29 06:00,夜間
1,2025-09-28 10:00,2025-09-28 12:00,昼寝
1,2025-09-28 15:00,2025-09-28 16:00,昼寝
1,2025-09-29 22:00,2025-09-30 06:00,夜間
1,2025-09-29 10:00,2025-09-29 11:00,昼寝
1,2025-09-29 15:00,2025-09-29 16:00,昼寝
1,2025-09-30 22:00,2025-10-01 06:00,夜間
1,2025-09-30 10:00,2025-09-30 12:00,昼寝
1,2025-09-30 15:00,2025-09-30 16:00,昼寝
1,2025-10-01 22:00,2025-10-02 06:00,夜間
1,2025-10-01 10:00,2025-10-01 12:00,昼寝
1,2025-10-01 15:00,2025-10-01 16:00,昼寝
1,2025-10-02 22:00,2025-10-03 06:00,夜間
1,2025-10-02 10:00,2025-10-02 11:00,昼寝
1,2025-10-02 15:00,2025-10-02 17:00,昼寝
1,2025-10-03 22:00,2025-10-04 06:00,夜間
1,2025-10-03 10:00,2025-10-03 11:00,昼寝
1,2025-10-03 15:00,2025-10-03 17:00,昼寝
1,2025-10-04 22:00,2025-10-05 06:00,夜間
1,2025-10-04 10:00,2025-10-04 11:00,昼寝
1,2025-10-04 15:00,2025-10-04 17:00,昼寝
1,2025-10-05 22:00,2025-10-06 06:00,夜間
1,2025-10-05 10:00,2025-10-05 12:00,昼寝
1,2025-10-05 15:00,2025-10-05 16:00,昼寝
1,2025-10-06 22:00,2025-10-07 06:00,夜間
1,2025-10-06 10:00,2025-10-06 11:00,昼寝
1,2025-10-06 15:00,2025-10-06 16:00,昼寝
1,2025-10-07 22:00,2025-10-08 06:00,夜間
1,2025-10-07 10:00,2025-10-07 12:00,昼寝
1,2025-10-07 15:00,2025-10-07 16:00,昼寝
1,2025-10-08 22:00,2025-10-09 06:00,夜間
1,2025-10-08 10:00,2025-10-08 11:00,昼寝
1,2025-10-08 15:00,2025-10-08 16:00,昼寝
1,2025-10-09 22:00,2025-10-10 06:00,夜間
1,2025-10-09 10:00,2025-10-09 11:00,昼寝
1,2025-10-09 15:00,2025-10-09 17:00,昼寝
1,2025-10-10 22:00,2025-10-11 06:00,夜間
1,2025-10-10 10:00,2025-10-10 12:00,昼寝
1,2025-10-10 15:00,2025-10-10 16:00,昼寝
1,2025-10-11 22:00,2025-10-12 06:00,夜間
1,2025-10-11 10:00,2025-10-11 12:00,昼寝
1,2025-10-11 15:00,2025-10-11 17:00,昼寝
1,2025-10-12 22:00,2025-10-13 06:00,夜間
1,2025-10-12 10:00,2025-10-12 11:00,昼寝
1,2025-10-12 15:00,2025-10-12 16:00,昼寝
1,2025-10-13 22:00,2025-10-14 06:00,夜間
1,2025-10-13 10:00,2025-10-13 12:00,昼寝
1,2025-10-13 15:00,2025-10-13 17:00,昼寝
1,2025-10-14 22:00,2025-10-15 06:00,夜間
1,2025-10-14 10:00,2025-10-14 11:00,昼寝
1,2025-10-14 15:00,2025-10-14 16:00,昼寝
1,2025-10-15 22:00,2025-10-16 06:00,夜間
1,2025-10-15 10:00,2025-10-15 12:00,昼寝
1,2025-10-15 15:00,2025-10-15 16:00,昼寝
1,2025-10-16 22:00,2025-10-17 06:00,夜間
1,2025-10-16 10:00,2025-10-16 11:00,昼寝
1,2025-10-16 15:00,2025-10-16 16:00,昼寝
1,2025-10-17 22:00,2025-10-18 06:00,夜間
1,2025-10-17 10:00,2025-10-17 12:00,昼寝
1,2025-10-17 15:00,2025-10-17 17:00,昼寝
1,2025-10-18 22:00,2025-10-19 06:00,夜間
1,2025-10-18 10:00,2025-10-18 12:00,昼寝
1,2025-10-18 15:00,2025-10-18 17:00,昼寝
1,2025-10-19 22:00,2025-10-20 06:00,夜間
1,2025-10-19 10:00,2025-10-19 11:00,昼寝
1,2025-10-19 15:00,2025-10-19 17:00,昼寝
1,2025-10-20 22:00,2025-10-21 06:00,夜間
1,2025-10-20 10:00,2025-10-20 11:00,昼寝
1,2025-10-20 15:00,2025-10-20 16:00,昼寝
1,2025-10-21 22:00,2025-10-22 06:00,夜間
1,2025-10-21 10:00,2025-10-21 11:00,昼寝
1,2025-10-21 15:00,2025-10-21 16:00,昼寝
1,2025-10-22 22:00,2025-10-23 06:00,夜間
1,2025-10-22 10:00,2025-10-22 11:00,昼寝
1,2025-10-22 15:00,2025-10-22 16:00,昼寝
1,2025-10-23 22:00,2025-10-24 06:00,夜間
1,2025-10-23 10:00,2025-10-23 11:00,昼寝
1,2025-10-23 15:00,2025-10-23 16:00,昼寝
1,2025-10-24 22:00,2025-10-25 06:00,夜間
1,2025-10-24 10:00,2025-10-24 12:00,昼寝
1,2025-10-24 15:00,2025-10-24 16:00,昼寝
1,2025-10-25 22:00,2025-10-26 06:00,夜間
1,2025-10-25 10:00,2025-10-25 12:00,昼寝
1,2025-10-25 15:00,2025-10-25 16:00,昼寝
1,2025-10-26 22:00,2025-10-27 06:00,夜間
1,2025-10-26 10:00,2025-10-26 11:00,昼寝
1,2025-10-26 15:00,2025-10-26 17:00,昼寝
1,2025-10-27 22:00,2025-10-28 06:00,夜間
1,2025-10-27 10:00,2025-10-27 11:00,昼寝
1,2025-10-27 15:00,2025-10-27 16:00,昼寝
1,2025-10-28 22:00,2025-10-29 06:00,夜間
1,2025-10-28 10:00,2025-10-28 11:00,昼寝
1,2025-10-28 15:00,2025-10-28 17:00,昼寝
1,2025-10-29 22:00,2025-10-30 06:00,夜間
1,2025-10-29 10:00,2025-10-29 12:00,昼寝
1,2025-10-29 15:00,2025-10-29 17:00,昼寝
1,2025-10-30 22:00,2025-10-31 06:00,夜間
1,2025-10-30 10:00,2025-10-30 11:00,昼寝
1,2025-10-30 15:00,2025-10-30 16:00,昼寝
1,2025-10-31 22:00,2025-11-01 06:00,夜間
1,2025-10-31 10:00,2025-10-31 11:00,昼寝
1,2025-10-31 15:00,2025-10-31 17:00,昼寝
1,2025-11-01 22:00,2025-11-02 06:00,夜間
1,2025-11-01 10:00,2025-11-01 11:00,昼寝
1,2025-11-01 15:00,2025-11-01 17:00,昼寝
1,2025-11-02 22:00,2025-11-03 06:00,夜間
1,2025-11-02 10:00,2025-11-02 11:00,昼寝
1,2025-11-02 15:00,2025-11-02 16:00,昼寝
1,2025-11-03 22:00,2025-11-04 06:00,夜間
1,2025-11-03 10:00,2025-11-03 11:00,昼寝
1,2025-11-03 15:00,2025-11-03 16:00,昼寝
1,2025-11-04 22:00,2025-11-05 06:00,夜間
1,2025-11-04 10:00,2025-11-04 12:00,昼寝
1,2025-11-04 15:00,2025-11-04 16:00,昼寝
